material_id,formula,energy_above_hull (eV/atom),energy_per_atom (eV/atom),density (g/cm³),band_gap (eV),bulk_modulus_K_VRH (GPa),shear_modulus_G_VRH (GPa),youngs_modulus_E(GPa),epsilon(k),epsilon_var,epsilon_delta,epsilon_ratio
mp-160,B,0.0,-7.346354197499999,2.483309878652122,1.433399999999999,211.42459532703435,178.8510043806478,418.5354020183094,9.38131462666667,1.5270467266920076,2.62139630476001,1.343397051613449
mp-23791,B(HO)3,0.0,-6.383999429285709,1.647926780931507,6.0572,14.122199275540478,6.4176535004514195,16.72019990762962,,,,
mp-1199941,B10H14S,0.0,-4.9633726177,0.8568314196008021,2.5518,,,,,,,
mp-576,B13C2,0.0,-7.7880352586666675,2.454374562267944,0.0,223.16782037628684,155.4970228667165,378.566305198889,,,,
mp-306,B2O3,0.0,-8.438589621333334,2.561902772718296,6.3017,33.09775870290892,36.033201008403566,79.31606555556519,2.7233033533333337,1.9514024732902683e-05,0.009371252226818783,1.0034490462645687
mp-1019509,B2S2O9,0.0,-7.178439188461539,2.710548110379561,6.6956,32.08885397163787,30.450243818237716,69.39900982097689,2.577742433333333,0.005134346291519095,0.16194300678039797,1.0653725244938554
mp-1199451,B2S3,0.0,-5.8889910275599995,2.4123142396181843,2.526399999999999,,,,,,,
mp-1200137,B3H4NO5,0.0,-7.08169526576923,2.244704088561217,5.5239,,,,,,,
mp-1238815,B4C,0.0,-7.997103047333334,2.541908945405635,3.0415,237.98503504147635,188.87111923720136,448.0779229202533,,,,
mp-703444,B5H12NO12,0.0,-6.572641609,1.520650889426816,5.760400000000001,,,,,,,
mp-1196660,B5H4NO8,0.0,-7.463749198194445,1.899748757585804,5.7298,,,,,,,
mp-706630,B5H7,0.0,-5.171727778333333,0.958639553801726,3.606099999999999,,,,,,,
mp-31064,B6H10N,0.0,-5.441952395588236,0.9259073545745911,5.6566,14.000000000000004,3.8189189189189188,10.501858078216245,,,,
mp-1346,B6O,0.0,-7.237317123571429,2.621773527017992,1.856399999999999,228.75508771929825,207.9453802005534,478.76535174027356,5.7521745999998855,0.09796122475172948,0.6639479716525178,1.120044301033781
mp-28395,B6P,0.0,-7.909109577857143,2.6073925513727563,2.4757,200.22522522522522,176.85124573396138,409.87741491731015,7.527535070002941,1.3873143623353305e-05,0.007902008369312874,1.0010504822208022
mp-29654,B9H11,0.0,-5.3042644603125,0.9893997412867691,2.9653,,,,,,,
mp-1198592,BHO2,0.0,-7.250747621041667,2.095605457919438,6.2786,,,,,,,
mp-1200187,BHS3O11,0.0,-6.591253374375,2.2371517060065242,5.696299999999999,,,,,,,
mp-604884,BN,0.0,-9.6505314275,2.246711413298581,4.3683,102.09347053779248,73.63455816652956,178.08845066525697,3.8488731500000015,1.0178455476736223,2.140165793421451,1.8836004818030017
mp-1479,BP,0.0,-8.65751955,2.9813687825821953,1.243499999999999,162.0,161.8089134677944,364.17744636014925,9.17534651000123,3.8520340771213536e-12,4.786113951382731e-06,1.0000005216277406
mp-3589,BPO4,0.0,-8.078734098333333,2.798255934324688,7.2565,59.86424556852573,61.07474974172527,136.72700386298018,2.586005310000001,7.608894269827618e-05,0.018504060135112965,1.0071725686759687
mp-27724,BPS4,0.0,-5.41944845,1.994541415192164,2.276,,,,3.263608676666651,0.7924092073783432,1.9470170059805407,1.7565727094191992
mp-540668,BS2,0.0,-5.713698593541667,1.841349691563198,2.5677,,,,,,,
mp-9122,CaP3,0.0,-9.242041392500001,2.7207923507511182,0.004900000000000001,,,,,,,
mp-697657,CaP4(HO6)2,0.0,-7.300212549999987,2.443692572304854,5.6369,,,,,,,
mp-30983,CaP4O11,0.0,-7.66736970671875,2.218816295071708,5.5138,,,,,,,
mp-1195714,CaP6(HN3)4,0.0,-7.178447817608695,2.721993151182544,4.1792,,,,,,,
mp-24390,CaPHO4,0.0,-7.172470133214285,2.9471138769409553,5.4321,72.86544929131236,39.13635031461738,99.58065051138652,,,,
mp-9789,CaPS3,0.0,-9.265458472,2.503227021928142,3.0848,,,,5.2933173133333336,0.003551620957451245,0.12656713363455463,1.0241032932056002
mp-1672,CaS,0.0,-9.97225439,2.5810342007468723,2.3819,57.0,38.838461538461544,94.94985153414714,4.9883352500036615,1.257559731473531e-12,2.6514239328534472e-06,1.0000005315249265
mp-1019581,CaS3O10,0.0,-6.65106488267857,2.582664820588039,5.0004,,,,,,,
mp-4406,CaSO4,0.0,-6.991409335833332,2.9787166822786633,5.9508,64.18504079000498,31.42225645036419,81.04188647721615,2.664950383333333,0.008726035961441891,0.2125711948478508,1.0822927989187856
mp-1563,CaSi,0.0,-8.507153645,2.380562160416181,0.0,53.67151066301552,38.24823040461565,92.7195956338547,,,,
mp-2699,CaSi2,0.0,-8.622144865000001,2.436716332414156,0.0,62.54444444444445,43.612466695630374,106.16174434258049,,,,
mp-556884,CaSi2(NO)2,0.0,-8.034199391666666,2.958167848344397,4.369099999999999,,,,,,,
mp-568965,CaSiN2,0.0,-7.432112468125,3.296452598596236,3.508800000000001,,,,,,,
mp-4429,CaSiO3,0.0,-7.903008399833334,2.902926205593484,4.8413,92.48855746925159,47.70169760450449,122.11173218573151,,,,
mp-18229,CaTa2O6,0.0,-9.639244598333333,7.372491967543985,3.473899999999999,,,,,,,
mp-3079,CaTa4O11,0.0,-9.9203302353125,7.546855893781364,3.543799999999999,,,,,,,
mp-2713900,CaTa5(PO4)9,0.0,-8.66324262117647,3.877534702797365,3.0697,,,,,,,
mp-2713742,CaTi(SO4)3,0.0,-7.191704546960785,2.401135333428538,2.2441,,,,,,,
mp-709021,CaTi2(HO3)2,0.0,-7.865352541931818,3.22515473450759,3.1485,,,,,,,
mp-16831,CaTi4(PO4)6,0.0,-8.380253920000001,2.845351799810924,2.7105,,,,,,,
mp-1029572,CaTiN2,0.0,-8.180578562500001,3.5711820061268362,2.2431,,,,7.796874030000001,0.02309396815887688,0.3714027600000005,1.0488433168552453
mp-4019,CaTiO3,0.0,-8.5050821395,4.02925941391082,2.3053,172.32766749923314,102.42758139865794,256.46955321762505,,,,
mp-6109,CaTiSiO5,0.0,-8.484478519375001,3.416464100691664,2.985499999999999,115.58229386776632,68.52834189738181,171.6595706388649,,,,
mp-554495,CaZr(PO4)2,0.0,-8.3585058825,3.49058882978001,4.3919999999999995,,,,3.2426133733333327,0.010329372784461317,0.24608192000000217,1.0786091140678864
mp-2713932,CaZr(SO4)3,0.0,-7.325563010000001,2.481090041532616,3.8219000000000003,,,,,,,
mp-556440,CaZr4(PO4)6,0.0,-8.60590283142857,3.058945895889634,4.172099999999999,,,,,,,
mp-1029267,CaZrN2,0.0,-13.8075860325,4.960404591077643,0.39380000000000004,160.33388750346356,114.87877043967435,278.19446576758173,10.771179883333337,1.7158264283058842,2.778713112051367,1.3115600575194277
mp-4571,CaZrO3,0.0,-8.7496117745,4.603084505750543,3.8263,149.13215598250696,85.0649149255679,214.42536703000542,4.7129140666666665,0.0019365419200177406,0.10718904999999967,1.0230215489600274
mp-1227163,CaZrTi2O7,0.0,-9.16555210181818,4.297743529692703,2.9332000000000003,,,,,,,
mp-28,Ce,0.0,-30.84062876,9.123650329962311,0.0,39.33212975928519,33.85774809922419,78.92623988638128,,,,
mp-20908,Ce(BC)2,0.0,-13.606877589000002,5.613139228902227,0.0,163.30023640661938,126.15714501387633,300.96755227148685,,,,
mp-2646929,Ce(BH4)3,0.0,-4.5696319559375,1.674954586368494,0.34390000000000004,,,,,,,
mp-558621,Ce(BO2)3,0.0,-8.72242802575,4.9546808767186725,0.0,,,,,,,
mp-19865,Ce(MgSi)2,0.0,-4.396559569999999,3.88510559145465,0.0,,,,,,,
mp-5843,Ce(PO3)3,0.0,-8.103410987307694,3.517459245110276,0.22279999999999903,,,,,,,
mp-1019593,Ce(PO3)4,0.0,-7.993407087720588,3.140858086194677,1.2397,,,,,,,
mp-21947,Ce(SO4)2,0.0,-7.319289491477287,3.8646143912077,1.0168,,,,,,,
mp-28370,Ce15B8N25,0.0,-8.9066302621875,7.001085977425103,0.0,,,,,,,
mp-1213867,Ce2(CN2)3,0.0,-14.179739823636362,4.166826212924503,0.0,,,,,,,
mp-1025352,Ce2C(NO)2,0.0,-9.139628867142857,5.264092503746945,0.0,,,,,,,
mp-20181,Ce2C3,0.0,-18.681461966500002,7.092664524971147,0.0,115.66666666666666,71.793351800554,178.45765436116426,,,,
mp-1199805,Ce2H8S3O16,0.0,-6.540316051379309,3.264218720270417,0.0454,,,,,,,
mp-985298,Ce2HfS5,0.0,-20.5831564915625,6.001495733434886,0.0,,,,,,,
mp-505296,Ce2MgSi2,0.0,-5.424455834,5.05722910330071,0.0,68.87442472057857,51.67843732986039,124.01738876985989,,,,
mp-542313,Ce2O3,0.0,-9.111807831250001,6.222299742945029,0.0,,,,,,,
mp-20973,Ce2S3,0.0,-19.566122223,5.154817674175432,0.0,,,,,,,
mp-3972,Ce2SO2,0.0,-8.610765050000001,6.06452966324104,0.0,,,,,,,
mp-662527,Ce2Si2O7,0.0,-8.778385632954546,4.645187000021696,0.07010000000000001,,,,,,,
mp-560000,Ce2Ti2SiO9,0.0,-9.147468898214285,5.231618843528252,0.0,,,,,,,
mp-768309,Ce2TiO5,0.0,-9.3135155728125,5.648122806460933,0.0,,,,,,,
mp-560329,Ce2Zr2O7,0.0,-9.596235085,6.15643049640256,0.0,,,,,,,
mp-1203122,Ce2ZrS5,0.0,-7.312336099375003,5.082623993223414,0.0,,,,,,,
mp-3603,Ce3(BN2)2,0.0,-8.720753535555557,7.077213925839894,0.0,,,,,,,
mp-867221,Ce3(TaN3)2,0.0,-23.876275663636363,8.95325330402489,0.0,170.82362660057828,85.42807528029107,219.66621881444917,,,,
mp-510277,Ce3S2O3,0.0,-8.4474515815625,6.0555430021395384,0.0,,,,,,,
mp-543033,Ce3S3N,0.0,-20.24181906392857,5.469153694542379,0.0,,,,,,,
mp-541712,Ce3Si6N11,0.0,-13.809186031249999,4.953703643122659,0.0,,,,,,,
mp-1226845,Ce3SiS2,0.0,-21.394664465,5.450233759381719,0.0,,,,,,,
mp-1226890,Ce4H11,0.0,-11.424148331333333,5.709637741244639,0.0,,,,,,,
mp-19976,Ce4S3O4,0.0,-8.36746466409091,6.002649733886388,0.0,,,,,,,
mp-32613,Ce5O9,0.0,-9.258292279999997,6.748810387987721,0.0,,,,,,,
mp-570175,Ce5Si3,0.0,-23.203134074375,6.497698548038333,0.0,,,,,,,
mp-1192742,Ce6Mg23C,0.0,-9.790652994666667,3.136959915815042,0.0,,,,,,,
mp-2629,Ce7O12,0.0,-9.229917588947366,6.58807703070408,0.0,,,,,,,
mp-8667,CeB2C,0.0,-14.470741765833333,6.08644444201254,0.0,,,,,,,
mp-1974,CeB4,0.0,-12.7128358145,5.8040245745681,0.0,,,,,,,
mp-21343,CeB6,0.0,-11.287087702857145,4.837787242069104,0.0,172.66666666666669,117.19436201780415,286.715451939989,,,,
mp-20882,CeBO3,0.0,-8.904444915000001,5.483837776597158,0.058699999999999,,,,,,,
mp-1226734,CeEuB12,0.0,-11.822523022142857,4.930460397817759,0.0,,,,,,,
mp-1213931,CeMg(BO2)5,0.0,-8.398317617205882,3.883469806799888,0.28999999999999904,,,,,,,
mp-1103919,CeMg12,0.0,-6.256385989230769,2.312501813344296,0.0,,,,,,,
mp-697677,CeMg2H7,0.0,-3.70913866025,3.493744642913253,0.0,,,,,,,
mp-1798,CeMg3,0.0,-10.891723217500001,3.527751787280468,0.0,45.666666666666664,28.70754716981132,71.20256191289495,,,,
mp-3347313,C,0.0,-9.94723519,2.1761568056275022,1.376199999999999,,,,,,,
mp-20066,CO2,0.0,-8.144358236666667,1.759790401139708,6.6332,4.666666666666666,2.1869565217391305,5.674456083803384,1.8651204199999991,8.217301096052207e-31,2.220446049250313e-15,1.000000000000001
mp-45,Ca,0.0,-7.0382937,1.534815625204312,0.0,17.33333333333332,7.716438356164383,20.158007019475598,,,,
mp-558358,Ca(B3O5)2,0.0,-8.35689585485294,2.540390162540968,5.8260000000000005,,,,,,,
mp-10289,Ca(BC)2,0.0,-8.754608244,2.687135181770838,0.475099999999999,135.22764227642276,95.42446835770814,231.7591677131652,15.845258970000009,8.34232143811604,6.127027628764065,1.5209802762429478
mp-1196257,Ca(BH)12,0.0,-5.329719584199999,1.297158812400229,4.8911,,,,,,,
mp-1190619,Ca(BH4)2,0.0,-4.344288539545455,1.066439259571903,4.9736,,,,2.6908612131776732,0.0038715590818950776,0.15024547498881713,1.0576018028008287
mp-8056,Ca(BO2)2,0.0,-8.1509195825,2.8745659699264783,6.2272,,,,,,,
mp-644307,Ca(H2N)2,0.0,-6.277731212142856,1.769863872689547,2.6985,,,,,,,
mp-23879,Ca(HO)2,0.0,-5.903074867999993,2.295852152215431,4.1119,35.70289855072464,20.86688398397612,52.39338783703964,2.64795885,0.009580301510403294,0.20763318434914746,1.0827376455076752
mp-3142,Ca(NO3)2,0.0,-6.896944094444445,2.5718394006584253,3.6398,4.0,8.1,14.50746268656716,,,,
mp-5680,Ca(PO3)2,0.0,-7.696334674583331,2.872759864848941,5.4963,,,,,,,
mp-1386933,Ca(TiS2)4,0.0,-6.920296863846153,2.9445322331177732,0.0,,,,,,,
mp-1048589,Ca(TiS2)8,0.0,-6.965417479600024,2.992590536864289,0.0,,,,,,,
mp-1195864,Ca10P6CO27,0.0,-7.693585885227272,3.052952399577363,5.137399999999999,,,,,,,
mp-686464,Ca10P6SO24,0.0,-7.562787381341462,3.010491369686083,3.7477,,,,,,,
mp-677016,Ca18Eu2P12(SO16)3,0.0,-7.730108017108434,3.347960975754982,0.06080000000000001,,,,,,,
mp-734733,Ca19(Mg4H27)2,0.0,-3.454301708641975,1.8669562936160422,2.9263,,,,,,,
mp-1228644,Ca19Mg2(PO4)14,0.0,-7.640680494725272,3.11438199812455,5.077,,,,,,,
mp-1019560,Ca2B2O5,0.0,-7.921644682777778,2.781254177500124,4.7075,,,,2.88472456,0.013062348897596152,0.25802966000000094,1.09471207957869
mp-27657,Ca2B6O11,0.0,-8.25191043381573,2.8758473688145623,5.639,,,,,,,
mp-706291,Ca2B8H2O15,0.0,-7.963322043333334,2.500140682302232,5.6576,,,,,,,
mp-24266,Ca2BHN2,0.0,-6.315232134166668,2.376877353113204,3.002,,,,4.171090253333333,0.10347248463254664,0.7663848099999999,1.1995416735813758
mp-24119,Ca2HN,0.0,-7.61075007375,2.462779663361686,1.6356000000000002,,,,5.334406266666664,1.3121293624215352e-13,7.962773738157125e-07,1.000000149271992
mp-1196550,Ca2Mg5Si8(HO12)2,0.0,-7.574888081951219,2.974188123106647,4.8269,,,,,,,
mp-2686,Ca2N,0.0,-8.632833980000001,2.164011901034173,0.0,33.92764857881137,16.096467963875966,41.6954718526343,,,,
mp-17922,Ca2P2O7,0.0,-7.711384303863636,2.95039552553195,5.7341999999999995,,,,,,,
mp-758337,Ca2P6O17,0.0,-7.6807005962,2.381268107931721,5.5089,,,,,,,
mp-8977,Ca2PN3,0.0,-9.769450995833333,3.372363756628859,2.601800000000001,,,,,,,
mp-1009733,Ca2Si,0.0,-8.15104167,1.95011765292123,0.320999999999999,37.0,24.920905923344947,61.05507917342787,,,,
mp-28922,Ca2Si5N8,0.0,-7.929516207999999,3.061091496205796,3.344899999999999,,,,4.327307766666666,0.0028306877726268,0.12317071884896791,1.0289579716226014
mp-4481,Ca2SiO4,0.0,-7.652111670357143,2.962860651405768,4.199400000000001,89.30345267979035,49.74659516714626,125.86812271480628,,,,
mp-1194033,Ca2SiS4,0.0,-9.608123264285714,2.260928089031615,3.1115,,,,,,,
mp-680380,Ca2Ta2O7,0.0,-9.154361970714286,6.3064528718959565,3.3532,,,,,,,
mp-1029773,Ca2TaN3,0.0,-16.394883080833335,5.340992901872447,1.9488999999999992,,,,6.211280763333332,0.05885365258600822,0.5459326299999994,1.0929949005949466
mp-1397126,Ca2Ti3O8,0.0,-8.731400796923076,3.633101922188258,2.7744,,,,4.8703921866666695,0.5490474347848284,1.6167740356450047,1.4228075651549714
mp-667369,Ca2Zr5Ti2O16,0.0,-9.38162415275,4.842195450446651,3.1694,,,,,,,
mp-1227905,Ca3(BN2)2,0.0,-9.420056253518519,2.514359077896192,2.4714,,,,,,,
mp-3575,Ca3(BO3)2,0.0,-7.748484285,3.114461132518799,4.8224,,,,3.1538666500000017,0.04656571439508433,0.4577616933616504,1.1606918743666435
mp-1197377,Ca3(PO4)2,0.0,-7.666536891474359,2.780985098868443,4.9116,,,,,,,
mp-1195188,Ca3(Si4P7)2,0.0,-5.410453400400001,2.499451477402064,1.2361,,,,,,,
mp-1194866,Ca3(SiP2)2,0.0,-5.164629432499999,2.5294582663271683,0.8441999999999991,,,,,,,
mp-1182037,Ca3B4(H4O)3,0.0,-5.195802406363636,1.7096693274044652,4.7904,,,,,,,
mp-30315,Ca3BN3,0.0,-9.262457334285715,2.797589182366571,0.5682,80.66323024054982,23.19746066758557,63.50473207018885,5.388701233333332,0.7022160096147196,1.7776310199999994,1.3706364934349653
mp-15003,Ca3HfSi2O9,0.0,-8.33972504683333,4.262918090740864,4.7635000000000005,,,,,,,
mp-6709,Ca3La3(BO3)5,0.0,-8.365547423653847,4.397013342819205,4.1362,,,,,,,
mp-844,Ca3N2,0.0,-8.834197172749999,2.634933159523292,1.3497,67.66666666666667,34.0,87.36708860759494,,,,
mp-11824,Ca3PN,0.0,-9.054565102,2.6228647853136993,0.8055999999999991,63.0,53.526315789473685,125.138671875,8.44481671,0.0,0.0,1.0
mp-1205330,Ca3SiO,0.0,-4.876703399,2.615034647289244,0.056599999999999005,,,,,,,
mp-15004,Ca3ZrSi2O9,0.0,-8.201890329166668,3.3780282162638082,4.4939,,,,,,,
mp-5251,Ca4CN4,0.0,-9.310905707777778,2.677032656490874,1.790699999999999,66.39585740307052,34.094457161113226,87.33453021705839,4.953081139999999,0.0176869138246968,0.3254040699999994,1.0678661506292564
mp-1029730,Ca4HfN4,0.0,-13.581982947222222,4.319646904249047,1.2158,88.76256785627183,41.954977416660725,108.7334293276262,5.924841673333334,0.010124742018659316,0.245082214223161,1.0422937982198
mp-6076,Ca4LaB3O10,0.0,-7.961180274444445,3.419335068896059,4.3032,,,,,,,
mp-5380,Ca4P2O,0.0,-5.170744518571427,2.598231990220828,1.2714,61.86944444444445,43.79174809197951,106.29612674856632,7.365468903333334,0.09825291353045744,0.6649357054174505,1.0960587256345544
mp-5263,Ca4P2O9,0.0,-7.551729600333334,3.079637224883784,4.747400000000001,,,,,,,
mp-559537,Ca4P6O19,0.0,-7.706556043620689,2.898006984067313,5.3711,,,,,,,
mp-1019576,Ca4SiN4,0.0,-6.42290948416669,3.015632454232651,1.4498,,,,5.803597450000001,0.028699855081286946,0.40378622545470044,1.0717290469071914
mp-1214132,Ca4SiP4,0.0,-4.940922580972223,2.480221769915372,1.1988,,,,,,,
mp-2713941,Ca4Ta2(SO4)9,0.0,-7.244092787450981,2.710910239899219,3.1155,,,,,,,
mp-769317,Ca4Ta2O9,0.0,-8.571076152333339,5.752826475023317,3.983499999999999,,,,,,,
mp-568469,Ca4TiN4,0.0,-6.784099876666667,3.088087497285169,1.5392000000000001,90.63878348537764,44.7791632547826,115.34283993521738,6.244872076666667,0.03116432510187263,0.42723457251155317,1.0706111452132616
mp-1029660,Ca4ZrN4,0.0,-11.053394223333335,3.32365139486545,1.2411,86.88707176396827,41.31479700188113,106.98696013216698,6.113946026666668,0.007723285417926548,0.21247879027396355,1.0354264873207613
mp-571333,Ca5(SiN3)2,0.0,-6.767149556538461,3.048928880683531,2.1605,,,,5.258071246666666,0.01262569752630658,0.27102972114615653,1.0527665574494491
mp-1105373,Ca5P3H,0.0,-8.535231790555555,2.521717093162212,0.6829000000000001,,,,,,,
mp-41472,Ca5P3HO13,0.0,-7.495011797727273,3.178173487705143,5.1992,,,,2.9348740666666666,8.886280656473649e-05,0.019997065000001868,1.0068446937532176
mp-28879,Ca5P8,0.0,-9.304107062307692,2.539264062615659,1.1418,,,,9.528613576668869,0.040527703654722545,0.4352768592538556,1.0470870958744949
mp-1227400,Ca5Si(PO6)2,0.0,-7.669843754375,2.972249131556109,4.7968,,,,,,,
mp-793,Ca5Si3,0.0,-8.24334057875,2.184300966345609,0.0,40.73118279569891,26.732931508308923,65.80277252407407,,,,
mp-1029474,Ca7SiN6,0.0,-6.088022391071428,3.004270533805523,1.822099999999999,79.35251222390829,54.28130597982337,132.60715413329442,6.025007763333332,0.0033636068297568877,0.12534037000000087,1.0209541782040736
mp-686651,Ca9LaTi10O30,0.0,-8.5839689404,4.186364571267878,0.0,,,,,,,
mp-722262,CaB3H3O7,0.0,-7.271193215714286,2.480982634264273,5.9041,,,,,,,
mp-1194867,CaB3HO6,0.0,-7.83649226,2.641885868607406,5.8113,,,,,,,
mp-1213975,CaB4,0.0,-7.7453894515,2.642539600836124,0.0,,,,,,,
mp-556214,CaB4O7,0.0,-8.30528852968744,2.734665245145772,5.7875,,,,,,,
mp-865,CaB6,0.0,-7.777311744285714,2.458646808714373,0.0,146.66666666666666,84.74825174825175,213.18354455683047,,,,
mp-23701,CaB8H4O15,0.0,-7.718285746249999,2.060580412049061,5.5888,,,,,,,
mp-1192226,CaBHO3,0.0,-7.2461338516666665,2.524222186553994,4.963699999999999,,,,,,,
mp-1575,CaC2,0.0,-9.115618060000001,2.199846562628209,2.0383,58.24000467190797,23.085082684883655,61.17273069604322,,,,
mp-1200920,CaC2(NO)2,0.0,-8.254256290714286,2.682238725205167,3.80857274322609,,,,,,,
mp-4124,CaCN2,0.0,-9.851312615,2.280192324532608,3.5774,70.05757575757576,20.311856944564934,55.565517119201935,3.3476634266666685,0.8054810942675518,1.9038559636830827,1.7017415648535907
mp-3953,CaCO3,0.0,-7.9036375660000004,2.703519704858185,4.999499999999999,75.01062331309114,33.1296719956005,86.63450005491698,2.8618342133333337,0.09355813022825676,0.6488544824016707,1.2670991120485455
mp-1229253,CaCe4Si3O13,0.0,-8.679423971428573,5.117153557631417,0.16080000000000003,,,,,,,
mp-1227227,CaCeN2,0.0,-15.4951035275,5.6143393613539185,0.38919999999999905,,,,,,,
mp-23713,CaH2,0.0,-5.3163877125,1.960743294233768,3.0275,46.84413168608732,32.36155289361054,78.91276571247612,4.452752266666667,0.010424166040149013,0.24887477000000047,1.057404953616478
mp-722900,CaH3NO5,0.0,-6.15152106325,2.084987902501096,3.4578,,,,,,,
mp-1193655,CaH6(SO4)4,0.0,-6.179015636666667,2.173948608794296,5.8984000000000005,,,,,,,
mp-34932,CaHN,0.0,-7.433647743333334,2.588778361360527,2.192999999999999,,,,4.575010273333333,0.015754401842538533,0.2662607899999987,1.0605481758980368
mp-2713912,CaHf(SO4)3,0.0,-7.448834372352941,3.057248802201881,4.6781,,,,,,,
mp-1029359,CaHfN2,0.0,-19.487347285,7.890793104034891,0.543299999999999,168.68192989264003,123.33546065129309,297.49880798606637,9.493640050000003,0.8151253354441801,1.9152213519251973,1.2330852615426071
mp-754853,CaHfO3,0.0,-9.182272448,7.017975204441195,4.4855,,,,4.359669353333334,0.0009104481643291712,0.07030242000000086,1.016281495938671
mp-560622,CaLa2B10O19,0.0,-8.543698463437499,3.576261246809263,4.3132,,,,,,,
mp-1227220,CaLa4Si3O13,0.0,-8.599833934761905,4.999019103821489,4.4836,,,,,,,
mp-861643,CaLaMg2,0.0,-2.6454977025,3.017366894027894,0.0,29.66666666666667,17.780239520958084,44.45882471694622,,,,
mp-684801,CaLaMgTaO6,0.0,-8.5479749005,6.304460340892075,4.185700000000001,,,,,,,
mp-6459,CaMg(CO3)2,0.0,-7.747362902000001,2.8700109673651353,5.0091,89.60589569160997,42.32555020357513,109.7037166169931,2.7517189933333355,0.08402871438740363,0.6149227274406184,1.2625887630992108
mp-6766,CaMg(SiO3)2,0.0,-7.7613118765,3.149491306438381,4.9716000000000005,102.15779064734241,64.87637226952337,160.62658622013353,2.987460943333335,0.0036775095765853674,0.14314952382988677,1.048900948716299
mp-1183430,CaMg2,0.0,-5.24313199,1.738068158187664,0.0,,,,,,,
mp-1229186,CaMg2(SO4)3,0.0,-6.779394035138888,2.883990600586369,6.8686,,,,,,,
mp-5795,CaMg2N2,0.0,-7.72367433,2.952859396136397,1.9968999999999992,101.71527777777777,74.16262983946272,178.98691710112178,5.85583472,0.06120483383010104,0.5248073186543687,1.0923810439906356
mp-1019579,CaMg3SiN4,0.0,-6.229972947361111,2.938699474492667,2.4021,,,,,,,
mp-5473,CaMgSi,0.0,-3.423066137499999,2.248583050515109,0.0,50.619194945400665,40.81993301013706,96.5159273803581,,,,
mp-6493,CaMgSiO4,0.0,-7.482815064642857,2.957136984745377,4.6294,100.576864576623,54.83973351370021,139.2165086841924,,,,
mp-1009657,CaN2,0.0,-9.07119737,2.956401288995216,0.0,82.80492063492062,39.16340566500813,101.48998627956286,,,,
mp-2605,CaO,0.0,-6.7827998350000005,3.353083748678994,3.6301,105.66666666666667,74.19349593495934,180.36602184683935,3.784006893333327,7.34366626645141e-13,2.097334887984914e-06,1.000000554263117
mp-634859,CaO2,0.0,-6.173734116666668,3.312892458777454,2.7345,,,,3.381170960000001,0.002764475775943149,0.11153537999999896,1.0333539563859664
mp-1345,CaP,0.0,-9.276643459166666,2.438949924979277,0.34430000000000005,52.86572104018912,33.415080039341404,82.79998419589467,8.19818330666667,4.30548717209569,4.4016699946195885,1.6539439145607662
mp-24130,CaP2(HO)4,0.0,-6.015699982272728,2.042859348934303,5.5901,,,,,,,
mp-643898,CaP2H2O7,0.0,-7.103864877083333,2.418835430780301,5.7059999999999995,,,,,,,
mp-1214543,CaP2H5NO7,0.0,-6.640005386796875,2.217402723259624,5.2103,,,,,,,
mp-3545,CeMgSi2,0.0,-5.084023117500001,4.405614795843682,0.0,,,,,,,
mp-2493,CeN,0.0,-21.730855215,7.769274573230603,0.0,143.0,76.48343789209537,194.73275915350425,,,,
mp-10688,CeO,0.0,-8.67468693,8.465653204880008,0.0,147.66666666666666,81.05063663075416,205.54558768367477,,,,
mp-20194,CeO2,0.0,-9.204800156666666,6.994759103664203,1.8647,170.66666666666666,74.28051948051947,194.60799758991305,7.96461853,1.0634078600244431e-13,7.432220616720997e-07,1.0000000933154658
mp-2154,CeP,0.0,-21.67835144,5.464084558257399,0.0,69.33333333333334,50.12222222222222,121.16843872411863,,,,
mp-22524,CeP2O7,0.0,-8.2495002705,3.030298353210552,1.3714,,,,,,,
mp-566,CeP5,0.0,-13.279467675,3.811109332082355,0.0,,,,,,,
mp-504897,CeP5O14,0.0,-7.92574784425,3.052396748289921,0.677099999999999,,,,,,,
mp-4136,CePO4,0.0,-8.62311572819445,5.190840345535104,0.0,,,,,,,
mp-1006371,CePS,0.0,-6.890258127916669,5.029114848779913,0.0,,,,,,,
mp-561261,CePS4,0.0,-6.009529874791667,3.324773563080348,0.22389999999999902,,,,,,,
mp-1096,CeS,0.0,-21.679100745,6.230328095020813,0.0,87.0,52.931754161331625,132.0209343557629,,,,
mp-20594,CeS2,0.0,-17.685675884166667,5.028616153465198,0.0,,,,,,,
mp-21115,CeSi,0.0,-20.556326045,5.712566299470599,0.0,69.4106700086244,39.03691584682456,98.62220361866353,,,,
mp-1898,CeSi2,0.0,-16.807196173333335,5.3358583831754345,0.0,89.19094304388423,47.8143419448291,121.69631412316058,,,,
mp-29466,CeSi3N5,0.0,-12.9125643625,4.628099407672499,0.11899999999999901,,,,,,,
mp-22225,CeSiBO5,0.0,-8.71473921,4.741962507938011,0.157499999999999,,,,,,,
mp-22074,CeTaO4,0.0,-9.928755692916665,7.93500257007311,0.0,,,,,,,
mp-21462,Eu,0.0,-38.520882715,5.726844485971249,0.0,,,,,,,
mp-2646920,Eu(BH4)2,0.0,-5.089028444090909,2.817647997450122,1.572,,,,,,,
mp-540879,Eu(BO2)2,0.0,-9.27629108392857,4.620156461410449,0.290299999999999,,,,,,,
mp-643738,Eu(MgH3)2,0.0,-4.203897552222222,3.098216987994264,0.0,,,,,,,
mp-1206478,Eu(MgP)2,0.0,-5.833809840000001,3.895696660426763,0.0,,,,,,,
mp-1019733,Eu(NO3)3,0.0,-7.462709144423077,3.237244839244116,0.0,,,,,,,
mp-1213012,Eu(PO3)3,0.0,-8.329114599230785,3.7697965692919713,0.0,,,,,,,
mp-1212596,Eu2B2O5,0.0,-9.662052044444412,5.56624732284896,0.0819,,,,,,,
mp-1203361,Eu2H16S3O20,0.0,-6.270378603902439,2.701242852805635,0.0,,,,,,,
mp-982662,Eu2MgSi2O7,0.0,-8.982979062916666,4.858216819715106,0.011800000000000001,,,,,,,
mp-1212961,Eu2N,0.0,-29.63066883,7.289020341278062,0.0,,,,,,,
mp-1017564,Eu2O3,0.0,-10.529193926,8.077829720008786,0.0,,,,,,,
mp-542297,Eu2SO6,0.0,-8.771614428888888,6.371289300564038,0.0,,,,,,,
mp-1102477,Eu2Si,0.0,-29.136443181666667,6.235268116742833,0.0,,,,,,,
mp-1191010,Eu2SiN3,0.0,-20.303917696666666,7.383702350715082,0.0,,,,,,,
mp-554546,Eu2SiO4,0.0,-9.892466269285718,6.787915417570968,0.28889999999999905,,,,,,,
mp-22504,Eu2SiS4,0.0,-18.61798827785714,4.60402951410691,0.28940000000000005,,,,,,,
mp-1191288,Eu2Ta2O7,0.0,-10.647741067272726,8.298493506217564,0.0,,,,,,,
mp-1025200,Eu2TiO4,0.0,-10.349261687142858,7.38929617544094,0.0,132.88489388264668,72.00005314529109,182.9567800558559,,,,
mp-505346,Eu3(BO3)2,0.0,-9.903198929090907,6.530131956800016,0.45880000000000004,,,,,,,
mp-1199980,Eu3(MgSi)5,0.0,-5.451776967884616,4.126964281512022,0.0,,,,,,,
mp-1105092,Eu3P4,0.0,-22.85502644142857,5.768389705335448,0.0,,,,,,,
mp-1103738,Eu3S4,0.0,-23.24079308142857,6.099900095271594,0.0,,,,,,,
mp-2748966,Eu3TaO7,0.0,-21.919762461363636,8.128074437575968,0.1545,,,,,,,
mp-1189832,Eu5(ZrS4)3,0.0,-8.4369868225,5.045402592272936,0.0,,,,,,,
mp-1212818,Eu5P3O13,0.0,-9.603612995952382,5.873528779529164,0.0,,,,,,,
mp-1190061,Eu5Si3,0.0,-27.951633545,6.144226287578682,0.0,,,,,,,
mp-8109,EuB4O7,0.0,-8.952668805416666,5.062560224715145,2.1466,,,,,,,
mp-20874,EuB6,0.0,-12.34880555142857,5.008978784886573,0.0,143.33333333333334,107.90197109067017,258.77120774391386,,,,
mp-1019734,EuBN2,0.0,-17.291899935416666,6.574345235640291,0.0,,,,,,,
mp-1018177,EuC2,0.0,-19.65337249,5.75110831239337,0.0,,,,,,,
mp-1103990,EuC6,0.0,-14.141740730714286,4.815255117386608,0.0,,,,,,,
mp-1212716,EuCN2,0.0,-17.645258679375,4.944429893955914,0.4575,,,,,,,
mp-554518,EuCO3,0.0,-9.494560945,5.509426855134597,0.429299999999999,,,,,,,
mp-1102496,EuH2,0.0,-15.830400685,6.313598378047046,0.0,,,,,,,
mp-774926,EuH4S2NO8,0.0,-6.7906373115625005,3.404334433099958,0.0,,,,,,,
mp-560128,EuHSO5,0.0,-7.5827788303125,4.9437501220746025,0.0,,,,,,,
mp-753781,EuHfO3,0.0,-10.737502918,9.133639660900897,0.479599999999999,165.33333333333337,94.81630434782609,238.7995385897552,,,,
mp-1190059,EuHfS3,0.0,-23.6405126545,6.284678757042116,0.1287,,,,,,,
mp-1101792,EuMg2,0.0,-4.602242995833333,3.780883891447433,0.0,,,,,,,
mp-1019726,EuMg3SiN4,0.0,-7.125619919583333,4.47729261888599,0.207599999999999,,,,,,,
mp-643756,EuMgH4,0.0,-4.744876618333333,4.244243979909383,0.170599999999999,,,,,,,
mp-1102652,EuMgSi,0.0,-6.196119027500003,4.73847283172052,0.0,,,,,,,
mp-20340,EuN,0.0,-24.87422244,8.46192906951467,0.0,109.66666666666666,55.7266416510319,142.96435275064331,,,,
mp-21394,EuO,0.0,-10.741459005000001,8.494324767289008,0.0,,,,,,,
mp-20300,EuP,0.0,-24.970050805,5.868074945044431,0.0,,,,,,,
mp-1079534,EuP3,0.0,-17.1748210525,4.88235928560007,0.0,,,,,,,
mp-1195922,EuP7,0.0,-13.1091842846875,3.654760820538164,0.37600000000000006,,,,,,,
mp-3219,EuPO4,0.0,-9.025528729166666,5.71770096562233,0.0,,,,,,,
mp-20217,EuPS3,0.0,-15.6136774785,3.9611326078576092,0.8440000000000001,,,,,,,
mp-20587,EuS,0.0,-25.740025765,6.005077629981264,0.0,,,,,,,
mp-616175,EuSO4,0.0,-8.31204552875,5.386262623005255,1.0685,,,,,,,
mp-21279,EuSi,0.0,-24.31864786,5.933587970690617,0.0,,,,,,,
mp-1072248,EuSi2,0.0,-19.247524406666667,5.5179831344705015,0.0,,,,,,,
mp-560341,EuSi2(NO)2,0.0,-9.179480362142856,4.8199749180984,0.5023,,,,,,,
mp-505434,EuTa2O6,0.0,-10.551668065277775,8.646099440791215,0.0,,,,,,,
mp-1079111,EuTiO3,0.0,-10.164019363,6.956660393444921,0.0,,,,,,,
mp-582856,EuZr6(PO4)9,0.0,-8.755937655769232,3.201189197877966,0.0,,,,,,,
mp-1106293,EuZrO3,0.0,-10.376129998500002,7.053166080151789,0.18659999999999902,,,,,,,
mp-1189927,EuZrS3,0.0,-8.331561390000001,4.965501930606425,0.145299999999999,,,,,,,
mp-352,HfO2,0.0,-10.637514720833332,10.24124328616322,4.0165,204.83881221086156,100.54402251074652,259.21984769804857,4.8107757300000005,0.0279817303434767,0.3783575424319192,1.0826795044087723
mp-9953,HfP,0.0,-28.5079373025,9.726313498670915,0.0,147.03456790123454,83.85920992795224,211.38983609139785,,,,
mp-1102018,HfP2,0.0,-22.053583500000002,8.152066414891475,0.0,,,,,,,
mp-768745,HfP2O7,0.0,-8.737869630750001,3.987858334750361,5.5167,,,,,,,
mp-1206743,HfS,0.0,-28.28407169,10.273513819839645,0.0,,,,,,,
mp-985829,HfS2,0.0,-22.213491783333335,5.79919885634548,1.2237,,,,6.8052997166666644,6.32970451030127,5.337010861717511,2.643525921665339
mp-9922,HfS3,0.0,-18.68718625375,5.431896671846112,1.1326,16.94248647734956,12.520611324435441,30.137817453204097,6.466551876666666,2.536934728359459,3.68278571673366,1.8658506270838398
mp-1042,HfSi,0.0,-27.81785230375,10.15822872072195,0.0,151.23805717675327,95.91171026181357,237.52430664073933,,,,
mp-4609,HfSiO4,0.0,-9.517928708333335,7.015947117653362,5.0221,,,,3.9278348966666683,0.013226763270913397,0.24396884224390325,1.0634260017308423
mp-7916,HfSiS,0.0,-21.91606828333333,7.984868078782171,0.0,134.468085106383,93.8319326315858,228.37557980887598,,,,
mp-2713724,HfTa(PO4)3,0.0,-8.896805155000001,4.171811126163568,3.778,,,,,,,
mp-1224283,HfTaB4,0.0,-21.398285241666667,11.764003040517245,0.0,277.59812335507496,229.15495804526634,539.1188276530686,,,,
mp-1224285,HfTaC2,0.0,-29.35257637,13.59453808889359,0.0,,,,,,,
mp-1224247,HfZrN2,0.0,-23.5303191225,10.481604097960934,0.0,,,,,,,
mp-24118,H10SO8,0.0,-5.484515068157899,1.629827224064405,5.508,,,,2.119779943333333,0.007699461041597438,0.186138590000001,1.0932704069832981
mp-757652,H13S2N3O8,0.0,-5.656657805192318,1.8540967369149222,5.302700000000001,,,,,,,
mp-31373,H18SO12,0.0,-5.372772007419354,1.440485256687343,5.4128,,,,,,,
mp-730101,H2,0.0,-3.45511240125,0.03601222016714,9.7197,,,,,,,
mp-697111,H2O,0.0,-5.192767620833333,1.039895189271257,5.520200000000001,15.762644544997485,8.92742557893426,22.52904797965209,1.8226709,1.1232369508467312e-05,0.008183810000000236,1.004499649861492
mp-696805,H2S,0.0,-5.152175359583333,1.253841777237221,4.3246,,,,2.747838316666666,0.006771563372549953,0.19894934999999903,1.0753877007537072
mp-690733,H2SO4,0.0,-5.926249895714286,2.184359601315062,6.109999999999999,10.62651303538175,6.336894920047863,15.858409704846242,2.182610713333333,0.025882660139481442,0.37364010875949605,1.1838826295319809
mp-1212579,H3C3N5,0.0,-7.49703105795454,1.7043578423780201,3.483,,,,,,,
mp-29145,H3N,0.0,-5.222440870625,0.9175096758446891,4.3412,8.999999999999993,3.8189189189189188,10.037095501183899,2.18499546,0.0,0.0,1.0
mp-626256,H3NO4,0.0,-5.8434540028125,1.863993892469456,3.7619,,,,2.18636515,0.07399410347557045,0.6369338499999999,1.3516216426265162
mp-1021328,H4C,0.0,-5.00910037,0.43718985628098306,7.6375,0.3333333333333333,0.7571428571428571,1.2926829268292683,1.6508585566659697,2.657761311017205e-12,3.55754232583827e-06,1.0000021549665876
mp-23778,H4CN2O,0.0,-6.2624505374999995,1.3908172374374,5.0712,,,,2.3492032733333335,0.03260297735876056,0.38303185000000006,1.172418351945547
mp-721896,H4CSN2,0.0,-5.838249932500001,1.4264951276275362,3.2851,,,,3.0375779366666666,0.08218806162295816,0.6605001700000002,1.250332876313927
mp-1197921,H4S4N,0.0,-4.724413688611111,0.8141842045309,0.4198,,,,,,,
mp-29095,H4SO5,0.0,-5.7266657385,2.048440573546527,5.647600000000001,,,,2.2082347133333333,0.004184565836824483,0.1572408767222555,1.0740316950975435
mp-560121,H5CNO3,0.0,-6.0949873465,1.6053185079971581,5.1511,,,,,,,
mp-625924,H5NO,0.0,-5.11488099107143,1.021985696756561,4.8125,,,,2.05023067,0.003226582868910203,0.1210810200000001,1.0602549503418892
mp-1203058,H6C(NO)2,0.0,-5.985296842159091,1.508786362126695,4.927727803567741,,,,,,,
mp-1203459,H7S2NO8,0.0,-5.808545464999999,2.007729068104475,5.656499999999999,,,,,,,
mp-24468,H8S(NO2)2,0.0,-5.604466603833339,1.774466561966953,5.072699999999999,,,,2.2942084833333336,0.0005604034060649504,0.057055419999999746,1.0251493008074197
mp-28143,H8S5N2,0.0,-4.776414793,1.638442334360217,2.1947,,,,,,,
mp-1213393,H9C6N11,0.0,-7.13342210211538,1.691750985378592,3.9327,,,,,,,
mp-1201974,HC2N3,0.0,-7.999713154583333,1.460140629393383,2.5302,,,,,,,
mp-1190216,HCNO,0.0,-7.405570689166667,1.454282966244043,4.6665,,,,,,,
mp-3346792,HCNO,0.0,-7.805961205416666,1.823256763763809,5.2381,,,,,,,
mp-1224772,HNO3,0.0,-6.20577780125,1.984190555439806,3.8657,,,,,,,
mp-103,Hf,0.0,-45.15141539,13.312731475593225,0.0,108.1870273414776,56.602301805602465,144.5907851995428,,,,
mp-28040,Hf(BH4)4,0.0,-6.388246461428572,1.844487192042549,5.7195,,,,,,,
mp-14444,Hf(PS3)2,0.0,-13.17347144,2.9058441163678292,2.3179,,,,4.65579756,0.600113871087067,1.884061357251539,1.4985665814086884
mp-1223850,Hf2CN,0.0,-28.9725319625,13.28052014215553,0.0,,,,,,,
mp-13137,Hf2CS,0.0,-28.58165451625,11.273995032154115,0.0,178.77777777777777,126.38369837790128,306.8449443119932,,,,
mp-864647,Hf2N,0.0,-34.551684585,13.462054240702814,0.0,,,,,,,
mp-780075,Hf2N2O,0.0,-10.84132030975,10.601411565809128,1.9895,,,,,,,
mp-504659,Hf2P,0.0,-34.193794455277775,11.75828913515104,0.0,149.2159088497566,78.66276759021696,200.71731117621454,,,,
mp-555344,Hf2P2O9,0.0,-9.18842639,5.593391285888949,4.9045000000000005,,,,,,,
mp-2713179,Hf2P2SO12,0.0,-8.600757834019609,4.084643015412552,5.0061,,,,,,,
mp-10000,Hf2S,0.0,-33.95035526,11.182943515494184,0.0,133.98924731182797,77.91938112901035,195.80278057114649,,,,
mp-1017567,Hf2SN2,0.0,-25.367385816000002,9.808253112103902,0.8851000000000001,,,,8.650303430914873,0.0063259646350216844,0.16874865443311826,1.0196355545791096
mp-9938,Hf2Si,0.0,-33.81656762166667,11.538330656684913,0.0,141.65975820379964,100.09503968432489,243.04169637949101,,,,
mp-2713341,Hf2Si(SO6)2,0.0,-8.33060642137255,3.971615915807414,4.5141,,,,,,,
mp-1181094,Hf2SiH,0.0,-26.40861582125,11.247383100373142,0.0,,,,,,,
mp-1224388,Hf3N2,0.0,-32.425776466,13.61624986235148,0.0,,,,,,,
mp-761033,Hf3N2O3,0.0,-10.785325824375,9.232621638235115,3.1348,,,,5.373411563333334,0.21400125855061272,1.1324151007240086,1.2361411571402954
mp-776470,Hf3N4,0.0,-26.54098193607143,11.710480923591549,1.2648000000000001,,,,9.723034753333332,0.16606468318742962,0.8886832699999978,1.0971507038078965
mp-504812,Hf3P,0.0,-36.97119136375,12.524462365705743,0.0,,,,,,,
mp-20672,Hf3P2,0.0,-31.9467278995,11.138431217702932,0.0,,,,,,,
mp-2105,Hf3Si2,0.0,-31.444648972,10.978191815965062,0.0,143.6534237726098,95.36417138075382,234.25571285382534,,,,
mp-1224399,Hf4C3N,0.0,-28.8414652375,12.972254361073775,0.0,,,,,,,
mp-1212442,Hf5Si3N,0.0,-30.144303396666665,11.352689210159475,0.0,,,,,,,
mp-1994,HfB2,0.0,-21.032888876666664,11.237731726114164,0.0,252.47126078370235,244.43262981579747,554.3863024224753,,,,
mp-559617,HfB2O5,0.0,-9.2637991996875,6.893870563270039,4.4146,,,,,,,
mp-21075,HfC,0.0,-28.672221725,12.713335417214623,0.0,238.66666666666663,177.41304347826087,426.5476312139572,,,,
mp-27731,HfH2,0.0,-17.896140516666666,11.663993812664256,0.0,146.84618916437097,37.789866960114274,104.41294719638053,,,,
mp-1194675,HfH8(SO6)2,0.0,-6.380730335869566,3.4458877254412372,4.6357,,,,,,,
mp-2713884,HfMg(SO4)3,0.0,-7.362177330196079,3.25957242519441,4.8165000000000004,,,,,,,
mp-1245813,HfMgN2,0.0,-8.722240614999999,8.644883761622744,0.8472000000000001,,,,,,,
mp-2828,HfN,0.0,-29.12256109,13.922136516412124,0.0,270.6666666666667,163.9641627543036,409.25344978065107,,,,
mp-556958,La4S3N2,0.0,-20.155365757777776,5.264429360337543,1.1943,,,,,,,
mp-15897,La4Si2S3O7,0.0,-8.176235937187501,5.051788378588689,2.5019,,,,,,,
mp-1223217,La4Ti3(SO2)4,0.0,-8.504127698421053,5.161299943008752,0.6467,,,,,,,
mp-570499,La5(BN3)2,0.0,-18.36514728923077,6.5722489833790725,0.0,,,,,,,
mp-569576,La5(SiN3)3,0.0,-16.76134318602941,6.152862172501688,1.965199999999999,,,,,,,
mp-10961,La5Si3,0.0,-22.559670383125,5.727501360829827,0.0,,,,,,,
mp-18345,La5Si4,0.0,-21.19613794916667,5.27431701295811,0.0,,,,,,,
mp-558371,La5Ti5O17,0.0,-9.254413584629564,5.870880885241123,0.0,,,,,,,
mp-1192616,La6Mg23P,0.0,-2.60834055,3.030843962219694,0.0,,,,,,,
mp-1211430,La6Mg23Si,0.0,-2.544617024666668,3.007237239477091,0.0,,,,,,,
mp-1223370,La8Si5N14O,0.0,-8.421011535714287,5.875576078198987,2.3602,,,,,,,
mp-7283,LaB4,0.0,-12.4535199875,5.392531960342765,0.0,170.10848561226635,154.92489693618953,356.53698651621124,,,,
mp-1202407,LaB5H5NO14,0.0,-7.379508299230768,2.709992006752355,3.4857,,,,,,,
mp-30926,LaB5O9,0.0,-8.6071690935,3.751018342723245,4.4998000000000005,,,,,,,
mp-2680,LaB6,0.0,-11.171612194285714,4.725301587424177,0.0,181.33333333333334,134.2899944413563,323.108512176707,,,,
mp-568090,LaBC,0.0,-16.179035784499998,5.723966315408272,0.0,,,,,,,
mp-29597,LaBN2,0.0,-15.443102330833334,5.794371635269059,2.172799999999999,,,,,,,
mp-8216,LaBO3,0.0,-8.813001928000002,5.315766467693733,4.500700000000001,,,,3.8142819733333333,0.03923654388760002,0.43094257999999996,1.1219263519447615
mp-2367,LaC2,0.0,-16.877378516666667,5.27751940507633,0.0,92.56040454419508,38.11280754171179,100.53905340360885,,,,
mp-1222912,LaCeB12,0.0,-11.231863330714287,4.7807062445698065,0.0,,,,,,,
mp-1222918,LaCeN2,0.0,-21.381114555,7.358210129896528,0.0,,,,,,,
mp-1222902,LaEuB12,0.0,-11.76897388642857,4.873323042124869,0.0,,,,,,,
mp-24153,LaH2,0.0,-12.964465976666666,5.17223849665705,0.0,,,,,,,
mp-1018144,LaH3,0.0,-10.712870992500001,5.446576381316886,0.0,82.6666666666669,27.1833836858006,73.49439923061469,,,,
mp-1222988,LaH3(SO4)3,0.0,-6.6128029563157895,2.97356306515751,4.2222,,,,,,,
mp-558126,LaH4S2NO8,0.0,-6.5992602621875,3.149121250658361,4.456799999999999,,,,,,,
mp-28255,LaHO,0.0,-6.936521233333331,5.584880435065513,2.431499999999999,,,,,,,
mp-626724,LaHO2,0.0,-7.50256732125,5.340162790636121,3.839,,,,,,,
mp-1094739,LaMg,0.0,-3.384042367500003,4.386175898754858,0.0,,,,,,,
mp-557758,LaMg(BO2)5,0.0,-8.373978073382354,3.846884032973486,4.7555,,,,,,,
mp-703316,LaMg2H7,0.0,-3.65036908175,3.373981092560822,2.645,,,,,,,
mp-2306,LaMg3,0.0,-2.5667277575,3.367605050457096,0.0,38.33333333333334,25.672151898734178,62.96123493894594,,,,
mp-568173,LaMgSi2,0.0,-4.883177301250001,4.212775101169942,0.0,,,,,,,
mp-256,LaN,0.0,-21.01215574,6.8198644396165164,0.0,121.33333333333333,67.03591331269351,169.83090057360553,,,,
mp-2384,LaP,0.0,-21.189518785,5.053992907739656,0.0,71.0,44.14022346368715,109.68957875732433,,,,
mp-2804,LaP2,0.0,-17.17703847375,4.7916199361889245,0.5563,,,,,,,
mp-1864,LaP5,0.0,-13.137768880000001,3.709440970476049,0.11390000000000002,,,,,,,
mp-1204624,LaP5O14,0.0,-7.904011851749999,3.124335159426087,5.0007,,,,,,,
mp-200,LaP7,0.0,-12.10971631125,3.586841669646944,0.861699999999999,,,,,,,
mp-3962,LaPO4,0.0,-8.56198505555554,5.066875218931536,4.486000000000001,104.38520835432752,48.58953132316339,126.18898789163175,,,,
mp-1191492,LaPS,0.0,-17.483708861666667,4.794322454441837,0.339699999999999,,,,,,,
mp-560571,LaPS4,0.0,-13.137268307708332,3.281413336965101,2.4374000000000002,,,,,,,
mp-2350,LaS,0.0,-21.319820745,5.576868526033274,0.0,83.33333333333333,40.741379310344826,105.09695783668386,,,,
mp-1508,LaS2,0.0,-17.413096317916665,4.8339659637129095,0.6312999999999991,,,,,,,
mp-28626,LaSO,0.0,-7.7254010875,5.315146592375424,1.522899999999999,,,,5.812063146666614,0.338371522239243,1.2376455965332083,1.2480534903222016
mp-7083,LaSi,0.0,-20.0737944475,5.3885766733457015,0.0,65.0470705015437,44.950756259594634,109.60481247536786,,,,
mp-2062,LaSi2,0.0,-16.472339951666665,4.943667458328538,0.0,79.16860916860915,37.15826174557482,96.39378480762741,,,,
mp-1019967,LaSi3N5,0.0,-12.818161447777777,4.561646149834472,3.099299999999999,,,,5.36945455,0.000785882491334068,0.06730503999999993,1.0126231533653274
mp-1222841,LaSiBO5,0.0,-8.662839030833334,4.548918494344434,4.297999999999999,,,,,,,
mp-1232374,LaSiP3,0.0,-13.96679719975,3.906908122213661,0.5185000000000001,,,,,,,
mp-757365,LaTa3O9,0.0,-10.068023209999982,7.4707112558655755,2.4693,,,,,,,
mp-14485,LaTa7O19,0.0,-10.174869352592593,8.371812127818776,3.1119,,,,5.640935119999999,0.027728516558344282,0.35323992767174506,1.0639557995307696
mp-550514,LaTaN2O,0.0,-9.901027112,9.057113041682872,0.671299999999999,,,,12.03879600348931,6.764096760669024,5.797206804569017,1.691981768436658
mp-4421,LaTaO4,0.0,-9.811963322916684,7.781442523038351,3.468,,,,,,,
mp-1222878,LaTaTiO6,0.0,-9.69685823750002,6.799249245276648,2.918799999999999,,,,,,,
mp-1223983,LaTi6(PO4)9,0.0,-8.462772548173078,3.069456157208374,2.421299999999999,,,,,,,
mp-1222999,LaZrTa3O11,0.0,-10.0534623465625,7.161996543354776,3.3365,,,,,,,
mp-26,La,0.0,-29.744780205,6.139065892610489,0.0,26.05135387488329,16.959814223813602,41.807097676336184,,,,
mp-10852,La(BC)2,0.0,-13.398494699,5.285891645598365,0.0,,,,,,,
mp-2646967,La(BH4)3,0.0,-4.541051001953125,1.612254709834554,4.5244,,,,,,,
mp-625394,La(HO)3,0.0,-6.517191332142859,4.459675654281913,3.7163999999999993,,,,3.3630874402454403,0.017922211088107574,0.28401537066034166,1.0868974172204544
mp-1206521,La(MgSi)2,0.0,-4.257228108,3.7354386269345463,0.0,,,,,,,
mp-1205242,La(NO3)3,0.0,-7.211954447596154,2.95261009635936,3.1374,,,,,,,
mp-9646,La(PO3)3,0.0,-8.066875048076923,3.448275275147968,4.6293,,,,,,,
mp-561194,La10S14O,0.0,-7.099062112900001,5.085495543118654,1.9025999999999992,,,,,,,
mp-558229,La10S19,0.0,-17.72618154086207,4.83257928697075,0.44219999999999904,,,,,,,
mp-1196229,La13(B2O13)2,0.0,-8.779901321511629,5.760311138044668,0.0,,,,,,,
mp-2713773,La2(SO4)3,0.0,-7.459750952156863,2.8217451328122083,4.7165,,,,,,,
mp-662600,La20Ti11(S22O3)2,0.0,-7.298638197037037,4.629916579885634,0.285099999999999,,,,,,,
mp-759763,La26B8O51,0.0,-8.820833406,5.708470446766223,3.484399999999999,,,,,,,
mp-560490,La2C2N4O,0.0,-8.934371831111111,4.903414399921589,3.3297,,,,,,,
mp-555349,La2CO5,0.0,-8.757941496458335,5.35986855252946,4.020300000000001,,,,,,,
mp-1104116,La2H5,0.0,-11.689831592142857,5.31707062514531,0.0,,,,,,,
mp-12533,La2Hf2O7,0.0,-9.898733314090917,8.0106159059454,4.2879,160.66666666666666,89.6491448118586,226.76962709462688,4.595957196666666,5.58306057950776e-13,1.8252865636725346e-06,1.0000003971505529
mp-1197947,La2HfS5,0.0,-20.3768479246875,5.853389350776672,1.0901,,,,,,,
mp-1205762,La2MgSi2,0.0,-5.100819064000001,4.667574399791368,0.0,,,,,,,
mp-1968,La2O3,0.0,-8.8191083645,6.615226585908185,3.824799999999999,116.2878787878788,38.97475116578418,105.17427249538507,,,,
mp-866691,La2PC,0.0,-6.9990164862499995,5.931353933961685,0.0,,,,,,,
mp-7475,La2S3,0.0,-19.2266399765,4.927142517339004,1.0358,69.62736038766761,32.917472761994446,85.3087208665983,,,,
mp-4511,La2SO2,0.0,-8.339423348,5.739032784267301,3.064000000000001,98.10504361016308,29.435242574820787,80.27700952106586,5.121230946666667,0.005389116938961058,0.15572748397605984,1.030719589737108
mp-4078,La2SO6,0.0,-8.053390702222224,5.475470057324074,4.688,,,,3.7862127366666662,0.02020286436775867,0.30417467994318637,1.0848411682371712
mp-5732,La2Si2O7,0.0,-8.706532248636362,4.697627190081504,4.7992,,,,,,,
mp-866650,La2Si4CN6,0.0,-8.318477115,4.934478096096375,2.335599999999999,151.83086352940552,83.88851296229012,212.52466487014453,,,,
mp-1204122,La2SiC(NO2)2,0.0,-8.824145572499999,4.974958987167388,3.7006,,,,,,,
mp-5152,La2SiO5,0.0,-8.78311836,5.4831988576635915,4.4804,99.31838420406547,44.8765956280435,117.00677928200189,,,,
mp-558724,La2SiS5,0.0,-15.463044586875,4.110440147368529,2.3415,,,,,,,
mp-14880,La2Ta3(SO4)2,0.0,-9.475412794,7.368318653630333,0.796899999999999,,,,,,,
mp-12192,La2Ti2O7,0.0,-9.265711767500001,5.792346189149735,2.928499999999999,,,,,,,
mp-18051,La2TiO5,0.0,-9.1678433171875,5.448942301192295,3.288599999999999,,,,,,,
mp-4974,La2Zr2O7,0.0,-9.509619907272727,6.022970327451468,3.7346,,,,4.887619133333312,2.6208890585112423e-13,1.154095318867121e-06,1.0000002361263
mp-1198687,La2ZrS5,0.0,-7.180818636250002,4.963733410030479,1.0739,,,,,,,
mp-569935,La3(BN2)2,0.0,-17.16035149111111,6.412525464544179,0.0,,,,,,,
mp-29964,La3(TaN3)2,0.0,-23.603006815454545,8.564428675080148,0.0,165.38098172109264,85.6547907333904,219.13296075127568,,,,
mp-29990,La3B2N5,0.0,-16.582901356625,6.169396209249174,1.311299999999999,,,,,,,
mp-779590,La3PO7,0.0,-8.688331952575759,5.168864071142622,4.060799999999999,,,,,,,
mp-555129,La3S3N,0.0,-19.84687982464286,5.171178175117708,1.3375,,,,,,,
mp-773117,La3Si2BO10,0.0,-8.740163609531251,4.9667591039029535,4.438200000000001,,,,,,,
mp-1019893,La3Si6N11,0.0,-13.68518648925,4.873352368511046,2.9659,,,,5.489006646666667,0.034396874977963045,0.3934284400000001,1.075272515692831
mp-31415,La3TaO7,0.0,-9.399277722272727,7.150296139480039,3.4556,,,,,,,
mp-645962,La4B14O27,0.0,-8.644982788666667,4.096401228549102,4.1723,,,,,,,
mp-1205775,La4B2N5,0.0,-17.87241419818182,6.539065320775597,0.0,,,,,,,
mp-1103808,La4H9,0.0,-12.281509778461539,5.23754008222749,0.0,,,,,,,
mp-153,Mg,0.0,-4.169303585,1.8017993845931342,0.0,36.554847841472046,24.555570813164625,60.18938690741051,,,,
mp-568803,Mg(B6C)2,0.0,-7.675487978666666,2.717643258035155,2.1397,228.17996628617476,213.4958088821169,488.2202283021842,,,,
mp-3582,Mg(BC)2,0.0,-7.97980580325,2.444741489642583,1.3298,157.87835032491677,104.77213583833378,257.38142797951906,,,,
mp-1200811,Mg(BH4)2,0.0,-4.181314181212121,0.533075953051323,6.7129,,,,,,,
mp-24383,Mg(H2N)2,0.0,-5.1827838941071445,1.455000397392296,3.0143,,,,,,,
mp-30247,Mg(HO)2,0.0,-5.665849429999994,2.459022474503965,4.179699999999999,51.6982109227872,40.60360010389874,96.53741408025084,2.607863196666666,8.585238519746769e-05,0.01965612213572765,1.0075753153730442
mp-1020058,Mg(NO3)2,0.0,-6.684718507500001,2.39042724470562,3.4697,,,,,,,
mp-18620,Mg(PO3)2,0.0,-7.530274138611111,2.879828914443827,5.6024,,,,,,,
mp-567224,Mg(SiB6)2,0.0,-6.278089828833333,2.478408842903308,2.0585,,,,,,,
mp-757825,Mg11Ti25O60,0.0,-8.758518243125,3.580415303291705,0.0,,,,,,,
mp-568556,Mg2B24C,0.0,-7.362585808148148,2.614794387515776,2.816,209.0242578456319,195.81489794266383,447.6559635362108,8.098836116666668,0.011211103678775506,0.2246106999999995,1.02825613250735
mp-18256,Mg2B2O5,0.0,-7.610809371944445,2.929326083562498,5.1706,,,,,,,
mp-1195826,Mg2P2O7,0.0,-7.409676554545455,3.108633956970445,5.135099999999999,,,,,,,
mp-23740,Mg2PHO5,0.0,-6.860486141944445,2.868486124341191,5.0696,,,,,,,
mp-3933,Mg2PN3,0.0,-6.7203064091666675,3.128976839124482,3.5371,149.30922691439793,87.43498341439769,219.46552472943168,4.417706293333333,0.005554089807990555,0.1823163000000001,1.0421649582007202
mp-1367,Mg2Si,0.0,-3.004018116666666,1.999337152211547,0.21799999999999903,54.0,46.19935205183586,107.84320352544654,15.818428446666664,1.8108430281302828e-12,3.0469288567758213e-06,1.000000192618959
mp-2895,Mg2SiO4,0.0,-7.281425999999999,3.235690304073053,4.6395,119.12333645042503,74.67593816546315,185.30626805247078,2.8951396999999996,0.0023861973741698306,0.11960136000000077,1.0421670852953897
mp-1193963,Mg2SiS4,0.0,-5.012553085,2.4314356731685223,2.969099999999999,,,,4.961328176666666,0.05006270715459942,0.491724790000001,1.1027565756462754
mp-1029442,Mg2TaN3,0.0,-7.922774079999999,5.685921711100085,3.012899999999999,122.26412741871547,53.55903953745611,140.20445763788047,5.258662853333333,0.02882308797994884,0.41475439999999963,1.0819668058728567
mp-759694,Mg2Ti7O15,0.0,-8.946074822708335,3.760325783181191,0.0,,,,,,,
mp-757031,Mg2TiO4,0.0,-7.694247143214286,3.549083421012811,3.4044,145.98534798534803,71.79155490549107,185.04184490177028,,,,
mp-5005,Mg3(BO3)2,0.0,-7.386429030454547,3.11011953077207,5.143,,,,2.874959806666667,0.0012652220802283533,0.07621295999999989,1.0267503764738477
mp-14396,Mg3(PO4)2,0.0,-7.3124923107692315,2.7707764189330693,5.0732,,,,2.4595539799999995,0.0005857842962602552,0.05209595536002842,1.0213361578881661
mp-1210916,Mg3H2(SO5)2,0.0,-6.401473502352942,2.7866791763971452,5.571,,,,,,,
mp-1559,Mg3N2,0.0,-7.095321842,2.73722024386655,1.952799999999999,110.33333333333334,77.73636363636365,188.8557416427571,,,,
mp-2514,Mg3P2,0.0,-3.792177938999999,2.068073438608592,1.798099999999999,,,,7.318550806666667,5.098939636292858e-14,5.198749839507855e-07,1.000000071035238
mp-24097,Mg3Si2H4O9,0.0,-6.689022291944444,2.487479473787498,4.2499,,,,2.5263014800000008,0.0008125959944578666,0.06047069236178304,1.0243246133864925
mp-696497,Mg3Si4(HO6)2,0.0,-7.388171375714286,2.694251919800752,5.1766,54.337449237826206,30.32750657490628,76.71089954941225,2.4832947466666644,0.013278221907094859,0.24491100762483375,1.1055498861527062
mp-1222229,Mg3Si9B36C,0.0,-6.307357107755102,2.492105932090949,1.042,,,,,,,
mp-762447,Mg3Ti9O20,0.0,-8.884192511250001,3.732486599716256,0.0,,,,,,,
mp-1204533,Mg45Si32(H29O69)2,0.0,-6.744403435018316,2.490532281200456,4.3207,,,,,,,
mp-6137,Mg4P6SN12,0.0,-7.27505912,2.762435657974919,4.830500000000001,,,,3.901092900000002,0.0,0.0,1.0
mp-2713918,Mg4Ta2(SO4)9,0.0,-7.117000279607843,3.009093375228143,3.0302,,,,,,,
mp-17481,Mg4Ta2O9,0.0,-8.226128443333337,6.195599695626739,4.2018,148.7992951214988,76.6023823372231,196.14793873521347,,,,
mp-1196921,Mg5Ta(BO4)3,0.0,-7.834933452023809,4.130248201149415,3.8219000000000003,,,,,,,
mp-759796,Mg5Ti13O30,0.0,-8.821445979375001,3.704759690902446,0.0,,,,,,,
mp-699232,Mg7P2(HO2)8,0.0,-6.321749231363636,2.709065739875223,5.121700000000001,,,,,,,
mp-1197123,Mg7P6(HO6)4,0.0,-7.056739018780488,2.984866641455376,5.1294,,,,,,,
mp-763,MgB2,0.0,-6.463241986666667,2.666306002140567,0.0,147.6053255262791,114.01837795412621,272.01532540519196,,,,
mp-365,MgB4,0.0,-6.8837363985,2.527545268520004,0.36409999999999904,158.91336710859377,113.75232505320652,275.51731004134666,11.60828509,2.5058194720164018,3.8666483300000003,1.4031403292426121
mp-14234,MgB4O7,0.0,-8.1763617365625,2.535491487886854,5.9382,,,,,,,
mp-978275,MgB7,0.0,-7.1071141003125,2.636296109595186,1.541399999999999,183.54641214213262,183.02644325104245,412.10135794508966,,,,
mp-30091,MgB9N,0.0,-7.659845683181818,2.597931562214007,1.6752999999999991,208.9906883100541,156.179784967825,375.1010572000091,7.255404253333334,0.07565109586761863,0.5834650165296491,1.082633059808413
mp-23748,MgBHO3,0.0,-7.020578914166666,2.6568144947410213,5.5459,,,,,,,
mp-9166,MgCN2,0.0,-8.8696598575,2.46106480546294,3.7571,96.93038821954485,32.22034218910443,87.01910581116809,3.3600022366666664,0.9804529349748652,2.1004857584910632,1.789703811323656
mp-5348,MgCO3,0.0,-7.58309781,3.025300863741853,4.9603,104.42446260974873,57.99024645728856,146.79704089768387,2.7665534600000004,0.09049425843093013,0.6381415181532697,1.27257888552581
mp-734042,MgH12(NO6)2,0.0,-5.692665376296296,1.730166629954181,3.5293,,,,,,,
mp-23710,MgH2,0.0,-3.08965337,1.457555666854439,3.709699999999999,49.632575757575765,36.19349226679597,87.3482073433233,3.950609136666667,0.0006034276626155269,0.052109734999996604,1.0132485546947623
mp-24041,MgH2SO5,0.0,-6.1985310361111114,2.613699572009546,5.5024,,,,2.4329007600000003,0.013427090111105622,0.25802119824058334,1.1103583053820516
mp-24460,MgH6(SO4)4,0.0,-6.109106119074074,2.328755176970369,6.131,,,,,,,
mp-1185888,MgHN,0.0,-5.190502707499998,1.850143462475749,2.2586999999999993,,,,,,,
mp-1265,MgO,0.0,-6.32752468,3.628903381952319,4.4292,151.33333333333334,118.81827956989248,282.516292768635,3.20836244999999,0.0,0.0,1.0
mp-1200442,MgP2(H4O5)2,0.0,-6.202393565952382,2.151703392195044,5.4596,,,,,,,
mp-384,MgP4,0.0,-4.956805909000001,2.501306360680703,0.7289000000000001,57.481020709161,36.97428103728011,91.33854167485504,10.285944426666667,0.9386584380908424,2.346325988964823,1.2604127976140802
mp-15437,MgP4O11,0.0,-7.5549043228125,2.608245675967602,5.0898,,,,,,,
mp-1195623,MgP6(HN3)4,0.0,-7.095362645217391,2.8170067110186423,4.101,,,,,,,
mp-675651,MgPS3,0.0,-4.944037279999999,2.303994842602907,2.7986,,,,4.395569452922172,1.044077137558979,2.1677394467080457,1.7346962459474304
mp-1315,MgS,0.0,-4.545918240000001,2.649386380469676,2.7574,74.33333333333334,51.728402366863904,125.96550223889759,5.400444906656471,1.9709232150900628e-13,1.0228459794703326e-06,1.0000001894003392
mp-1185959,MgS2,0.0,-4.456197036666666,2.388487798502099,1.133699999999999,,,,6.000242153333336,2.430208378327185,3.4213641357172957,1.7159048450415706
mp-1020122,MgS2O7,0.0,-6.5992468325,2.493232505982853,5.521100000000001,,,,2.27567417,0.0036727433175757804,0.14448806255209634,1.0652828959360097
mp-7572,MgSO4,0.0,-6.662126804166665,3.039900201343193,5.4889,72.35649244697089,48.45578973092475,118.83923214193355,2.5662803333333333,0.0007765838594072502,0.0617422044844278,1.0242715222021455
mp-3677,MgSiN2,0.0,-7.279094643125,3.146968546781617,3.9662,173.26512326496788,104.97306834623306,262.00674465189445,4.366763756666667,0.0027209717048408168,0.1274807899999999,1.029643027403351
mp-2961,MgSiP2,0.0,-4.882946115,2.2814030052604393,1.3728,72.26495726495727,34.882978093520705,90.1444139835318,8.619464636666665,0.026049064086705025,0.3423761851729523,1.040254268696602
mp-39105,MgTa2N3,0.0,-9.767325826666665,11.554978400883043,0.0,275.6386292834891,202.27470815709904,487.56033294786937,50.00559959666666,560.0938864031907,50.20381272475335,4.035959047139481
mp-9650,MgTa2O6,0.0,-9.442702570000002,7.785037426935283,2.8397,,,,5.133909156666667,0.0499402910496794,0.4740583400000018,1.095271070628292
mp-2713741,MgTa5(PO4)9,0.0,-8.644206286568627,3.9641417150726572,3.1127,,,,,,,
mp-2713802,MgTi(SO4)3,0.0,-7.107267942156864,2.526573914147064,2.2063,,,,,,,
mp-561065,MgTi2(PO5)2,0.0,-8.329441116666667,3.162054363332329,3.1637,,,,,,,
mp-28232,MgTi2O5,0.0,-8.69270153625,3.6484799494604223,2.7175000000000002,162.6531882057178,72.14338738016602,188.55313529681735,5.189050483333333,0.09286417329601537,0.7463675600007278,1.1548790291888187
mp-1222070,MgTi4(PO4)6,0.0,-8.317685487714286,2.882692242816501,2.4111000000000002,,,,,,,
mp-1245745,MgTiN2,0.0,-8.035151845,4.245641581573597,0.36500000000000005,,,,,,,
mp-3771,MgTiO3,0.0,-8.236905654999997,3.8928989368345963,3.529499999999999,161.73963515754562,76.82902185699723,198.98068517627618,4.765766876666665,0.38007643434014926,1.307801434032581,1.3358590693439971
mp-2713981,MgZr(SO4)3,0.0,-7.240923956568627,2.612635872043882,3.9888,,,,,,,
mp-1222466,MgZr4(PO4)6,0.0,-8.543452956285714,3.0688700728914,4.292,,,,,,,
mp-1245429,MgZrN2,0.0,-8.2155178,5.211573084683176,0.0,,,,9.416768191953127,0.2859444491623688,1.1344328503518817,1.1309887751598973
mp-154,N2,0.0,-9.12875067125,0.9462436193759101,7.340999999999999,,,,1.529605289999999,0.0,0.0,1.0
mp-2789,NO2,0.0,-6.76375249,2.001559698678917,2.8265000000000002,5.333333333333333,3.628571428571429,8.873362445414847,2.225830256668324,6.14403541407488e-15,1.9065549894392575e-07,1.0000000856559061
mp-1204579,NO3,0.0,-6.35912427953125,1.8270775793722822,1.446699999999999,,,,,,,
mp-12957,O2,0.0,-4.947961005,1.974484493998944,1.0933,,,,,,,
mp-1524462,O2,0.0,-5.97253365125,1.804134008741377,2.7061,,,,,,,
mp-568348,P,0.0,-9.00207631202381,2.2326143190074212,1.8454000000000002,,,,,,,
mp-703476,P2H16N4O7,0.0,-5.827388826034482,1.586963059832355,4.9093,,,,,,,
mp-2173,P2O5,0.0,-7.530581717857144,2.910639625653711,4.8374,40.262228804958994,33.25762822721199,78.23226818041704,,,,
mp-541788,P2S5,0.0,-8.526280050357142,1.921438561880109,2.5540000000000003,,,,,,,
mp-1199938,P2S7,0.0,-8.423256228888889,1.997026671381243,2.1425,,,,,,,
mp-759344,P3H30N7O12,0.0,-5.732749034903846,1.518556922792621,4.9566,,,,,,,
mp-567907,P3N5,0.0,-9.5711204325,2.763378388306106,3.559999999999999,148.65027796083294,88.1893787472521,220.88653538154935,4.017910536665705,0.045499631275542164,0.5220007298585587,1.1387027627360142
mp-28950,P4N6O,0.0,-7.757371800454543,2.610850000144775,4.3558,,,,3.5849587066666664,0.050898222507992356,0.5229384400000003,1.1549415786818598
mp-1468,P4S3,0.0,-8.741601223214285,1.942425809305307,2.8765,,,,,,,
mp-2650,P4S7,0.0,-8.607139174545454,2.033362539496993,2.7617000000000003,,,,,,,
mp-542630,P4S9,0.0,-8.550564723076924,1.927714130506903,2.7085,,,,,,,
mp-1198119,PH10S3N2O,0.0,-4.981133301985294,1.506755518541147,2.7477,,,,,,,
mp-1220462,PH18N3O7,0.0,-5.504673322758621,1.422813314110289,4.6762,,,,,,,
mp-2213127,PH3O4,0.0,-6.308843897812499,1.874169760623194,5.9519,16.077474496829335,8.95350068276423,22.654999961797312,,,,
mp-23902,PH3O4,0.0,-6.308843897812499,2.092537791801459,5.9251000000000005,,,,2.2177749233333333,0.004215364218547073,0.14457909896594456,1.0679936868919715
mp-28892,PH4N3,0.0,-6.7323614838541666,1.755918904800212,4.7672,,,,,,,
mp-706986,PH4NO3,0.0,-6.199709985833333,1.746878821072681,5.449400000000001,,,,,,,
mp-1204941,PH5CO3,0.0,-5.880816878125,1.445539091655491,5.935700000000001,,,,,,,
mp-1220029,PH6NO4,0.0,-5.966668315833332,1.741317013917272,5.3544,,,,2.3082711899999997,0.009282279246300824,0.22403280000000025,1.1030111512511216
mp-707324,PH6SN3,0.0,-5.508190102613636,1.520035708092201,4.3523,,,,,,,
mp-697683,PH8N3O2,0.0,-5.760236829821428,1.468704556626544,4.6915,,,,,,,
mp-1197623,PH9(NO2)2,0.0,-5.778986889765625,1.538768353275652,4.8765,,,,,,,
mp-697139,PHN2,0.0,-8.203539839375,2.587831327508955,4.7372,,,,3.7402403366666666,0.02952615659089561,0.42072325999999993,1.1193082065141902
mp-753671,PNO,0.0,-7.713684484999999,2.72167824391676,5.1181,,,,3.2016460733333325,0.049812257844756104,0.5450390900000004,1.1852995757630798
mp-77,S,0.0,-8.0340372271875,1.9196195297959862,2.5807,,,,2.8321102266666673,0.10282787270999134,0.7549192966195069,1.299895260932275
mp-540798,S3(NO7)2,0.0,-6.4319795718421044,2.282206780814309,1.405,,,,,,,
mp-27726,SO2,0.0,-6.199653651666666,2.037555773121775,2.8367999999999993,4.361111111111111,2.50544783010157,6.308307641276696,2.171792136666946,0.0069644380992146294,0.19956871815248123,1.0969141971114738
mp-561397,SO3,0.0,-6.326138422083335,2.493169750552031,5.1612,,,,2.281228403333334,0.03542100044694391,0.45025277306281986,1.2159820181479777
mp-149,Si,0.0,-8.773764595,2.312800253345134,0.6105,89.00000000000001,62.21095890410959,151.3648824087482,13.003383160000025,0.0,0.0,1.0
mp-29549,Si(PH2)4,0.0,-5.616420513846153,1.204780541203753,3.9992,,,,,,,
mp-28090,Si2H2S3,0.0,-7.441841202142856,1.85578893771767,3.3657,,,,3.16627445,0.00011996292470579867,0.02323430999999987,1.0073560524528615
mp-29309,Si2H6S,0.0,-5.284512242638889,1.161950477249214,4.597799999999999,,,,,,,
mp-4497,Si2N2O,0.0,-8.413852492,2.799104861679133,4.924799999999999,,,,3.3600060799999376,0.027853422276799465,0.40242867511467084,1.1282423821217342
mp-988,Si3N4,0.0,-10.297557244285715,3.202079639858874,4.2503,234.48239148239145,122.33046764714646,312.6253997272463,4.264479086668037,0.0015459860042068626,0.08340825499794491,1.0196871907130312
mp-3273,Si5P6O25,0.0,-7.963962052777778,2.7989738838811373,5.6022,,,,,,,
mp-569128,SiB3,0.0,-7.7473567178125,2.468922187401574,1.408,156.618766177357,129.1646792869982,303.94013077052074,,,,
mp-1204356,SiC,0.0,-9.666446337368422,3.227670169340689,1.8389000000000002,,,,,,,
mp-557080,SiH17S3N5,0.0,-5.057556364038461,1.280535803802316,3.344,,,,,,,
mp-23739,SiH4,0.0,-4.5270602605,0.776391457407485,6.562100000000001,,,,2.2152362333333326,0.0010930122315744673,0.07902754762043473,1.0362374157028342
mp-7000,SiO2,0.0,-8.379911357222223,2.634242418262655,5.719,29.653846153846153,46.99007260623284,92.2455229174004,2.4226816466666663,0.00018002594510197175,0.028462940020922645,1.0117947181568478
mp-2798,SiP,0.0,-9.057882655833334,2.259448359192474,1.7395,,,,,,,
mp-9996,SiP2,0.0,-9.068363137916666,2.27561472762978,1.4262000000000001,,,,7.366841306666667,4.237664705472699,4.988845559999999,2.0703848371245446
mp-18157,SiP2O7,0.0,-7.871026511499986,3.094032959114601,5.7952,,,,,,,
mp-1602,SiS2,0.0,-9.030412901666667,1.955009195063587,3.1072,,,,3.1401878533327316,0.46886941619367933,1.4914074239223996,1.5701062198493463
mp-569794,Ta,0.0,-48.591832712666665,16.260109663343133,0.0,,,,,,,
mp-530018,Ta27S50,0.0,-8.242236776233765,7.171891119357857,0.0,,,,,,,
mp-7088,Ta2C,0.0,-36.38935581,14.959978675522288,0.0,260.63351749539595,145.61076715295445,368.2536381198942,,,,
mp-559976,Ta2CS2,0.0,-9.38095279,8.81132228241123,0.0,,,,,,,
mp-24082,Ta2H,0.0,-33.72309053,15.518980650317063,0.0,203.3155194527576,67.80320476069161,183.06018079206274,,,,
mp-1079438,Ta2N,0.0,-36.46538653444444,15.605209191431054,0.0,,,,,,,
mp-10390,Ta2O5,0.0,-10.271371718571428,8.7289892060389,1.2267000000000001,126.78200732188508,71.40542407450317,180.35649402942013,5.627868416668203,0.20600530092155098,1.0521127225909899,1.2021144026025747
mp-22477,Ta2P,0.0,-36.1824088375,13.731955395823501,0.0,220.78882372108177,110.11032824040672,283.24497102642704,,,,
mp-2783,Ta2Si,0.0,-35.913347976666664,13.456971283698914,0.0,214.46378460371636,108.41273040536151,278.3377272759574,,,,
mp-2715681,Ta2Si2SO12,0.0,-8.717220542843137,4.095848763152083,3.8431,,,,,,,
mp-13415,Ta3B2,0.0,-32.815904204,14.879375512526478,0.0,,,,,,,
mp-10142,Ta3B4,0.0,-25.827180722857143,13.444936357424393,0.0,293.95683367998345,209.55330555825708,507.9572502909563,,,,
mp-27488,Ta3N5,0.0,-25.214140863125,9.899638880272295,1.214099999999999,241.45028419767004,98.56396748156158,260.27564021905374,10.830358033278307,0.15135593784233572,0.9471933298378268,1.0917241773824355
mp-1193678,Ta3NO6,0.0,-10.386335417333335,7.851414105404755,2.1157,,,,,,,
mp-504502,Ta3P,0.0,-39.33517027875,14.658086810280563,0.0,,,,,,,
mp-1826,Ta3S2,0.0,-9.727838939999998,10.976451272663605,0.0,,,,,,,
mp-568646,Ta3Si,0.0,-39.1067421175,14.100662182362793,0.0,,,,,,,
mp-1217975,Ta3TiB4,0.0,-24.39991951,11.885813736202854,0.0,266.4180194588831,207.52797909863943,494.2507117148379,,,,
mp-29313,Ta4P4S29,0.0,-5.943558323986486,3.300290310376228,1.1671,,,,,,,
mp-28629,Ta5B6,0.0,-26.922030776363638,13.722698886288056,0.0,291.0824460546958,206.0937753614932,500.2241788754374,,,,
mp-1545240,Ta5S8,0.0,-8.465104400769231,8.035784234822264,0.0,,,,,,,
mp-1989,Ta5Si3,0.0,-34.315064675625,12.977537540026486,0.0,215.11994763541156,131.9322553733678,328.6169245402307,,,,
mp-1218055,Ta7S12,0.0,-8.365128828947368,7.546023693706309,0.0,,,,,,,
mp-770481,Ta9PO25,0.0,-10.041205089714284,7.298425468333382,2.7108,,,,,,,
mp-1097,TaB,0.0,-28.83291462,14.141134800413857,0.0,286.0131261245101,212.55259233948743,511.05883247337874,,,,
mp-1108,TaB2,0.0,-21.757446299999998,12.273478624326827,0.0,302.96555965559656,199.41690229344857,490.60851537594345,,,,
mp-4624,TaBO4,0.0,-9.533540295833324,7.98041916626132,3.4514,,,,5.186007976666669,1.1195004494533785e-07,0.0007110390864930594,1.0001371197213353
mp-1086,TaC,0.0,-29.928994555,14.371210702036427,0.0,323.66666666666663,176.40425531914894,447.8505229194481,,,,
mp-24723,TaH2,0.0,-18.600503443333334,13.19532023477965,0.0,196.99999999999997,58.007637655417405,158.46892331590817,,,,
mp-1279,TaN,0.0,-30.21899784,14.182330026150181,0.0,306.4671052631579,181.10127772042347,453.89648514030915,,,,
mp-4165,TaNO,0.0,-10.648492411666666,10.896074306494693,1.933799999999999,267.62309712069316,129.74275066304713,335.0797510334994,8.822072823333334,0.5750862171444829,1.856061830252571,1.2344829548953526
mp-1067587,TaP,0.0,-29.79251958,11.16717678534869,0.0,,,,,,,
mp-541740,TaPO5,0.0,-9.1109314025,4.754155398739963,2.932,,,,,,,
mp-27673,TaPS6,0.0,-6.17235636890625,3.120603909279981,0.8728,,,,,,,
mp-10014,TaS2,0.0,-8.094981304999997,6.665802005732892,0.0,27.406629318394025,18.30813932215593,44.921596628451745,,,,
mp-30527,TaS3,0.0,-7.243434495416669,5.881606865285172,0.0,,,,,,,
mp-11192,TaSi2,0.0,-22.492770657777776,9.09565966048647,0.0,184.74782608695654,145.89758225753002,346.4849643315829,,,,
mp-1043735,TaTi(PO4)3,0.0,-8.649233090882353,3.543249871774112,2.8478,,,,,,,
mp-1217898,TaTiB4,0.0,-16.059400165,8.525478310753897,0.0,276.9704054765666,241.29360815995378,560.9755548795353,,,,
mp-1217904,TaTiC2,0.0,-21.2322237875,9.832694623963327,0.0,,,,,,,
mp-72,Ti,0.0,-12.937757013333334,4.670172247408194,0.0,112.80938183263765,62.418257445301805,158.09618066162835,,,,
mp-30998,Ti(NO3)4,0.0,-7.146969511911765,2.2466792077498132,2.8015,,,,,,,
mp-13666,Ti(PS3)2,0.0,-5.757764075555555,2.136091773944847,1.4501,,,,,,,
mp-775149,Ti(SO4)2,0.0,-7.283643876969709,2.718611920730176,2.2283,,,,,,,
mp-675452,Ti20H2N17,0.0,-12.555106975897436,5.244424423192314,0.0,,,,,,,
mp-10721,Ti2C,0.0,-12.667208906666666,4.4615771108474505,0.0,121.33333333333331,84.70946291560102,206.1528475525719,,,,
mp-1217142,Ti2CN,0.0,-12.730884945,5.140512848055011,0.0,,,,,,,
mp-3732,Ti2CS,0.0,-8.66668911125,4.648426785622582,0.0,179.70395531400965,134.77657431720235,323.46444659654986,,,,
mp-1217074,Ti2HC,0.0,-10.5699438775,4.535462942449874,0.0,,,,,,,
mp-8282,Ti2N,0.0,-13.122373495,4.924737176612915,0.0,203.9185024677983,120.4940754652435,301.99913799841676,,,,
mp-1215,Ti2O,0.0,-8.948544013333334,5.09095651040831,0.0,182.97614178595774,110.3426086777016,275.62349005642335,,,,
mp-458,Ti2O3,0.0,-9.430413044000002,4.602205288902889,0.0,215.04006882989185,78.12293445130611,209.05286515085788,,,,
mp-30218,Ti2P,0.0,-12.75421828,4.7647838337957324,0.0,,,,,,,
mp-2713207,Ti2P2SO12,0.0,-8.110794943137256,2.6749976074218953,2.5547,,,,,,,
mp-616559,Ti2S,0.0,-7.897291330833332,4.828433316784582,0.0,147.54425178061788,86.3111834141346,216.681697995818,,,,
mp-1101099,Ti2S3,0.0,-7.346890646999999,3.6485782658284,0.0,,,,,,,
mp-1025170,Ti3B4,0.0,-10.719849931428572,4.569244257857268,0.0,224.7045995486406,217.75694603513682,493.76985269017524,,,,
mp-2591,Ti3O,0.0,-8.72852322625,4.890993432307026,0.0,,,,,,,
mp-8057,Ti3O5,0.0,-9.4354188725,4.002186371332832,0.0,,,,,,,
mp-31214,Ti3P,0.0,-12.8604844678125,4.719050954766259,0.0,,,,,,,
mp-5659,Ti3SiC2,0.0,-12.158403965833335,4.502114415998194,0.0,183.55490387748452,133.64692162650505,322.63652982576735,,,,
mp-1217103,Ti4C3N,0.0,-12.5780125175,5.012373177187759,0.0,,,,,,,
mp-559530,Ti5(PO5)4,0.0,-8.653302653103442,3.260800926509812,2.9311,,,,,,,
mp-1208223,Ti5S8,0.0,-7.278871801538463,3.490073400204189,0.0,,,,,,,
mp-2108,Ti5Si3,0.0,-12.165788256875,4.374481682676191,0.0,139.536652835408,94.33031351531278,230.94857694191472,,,,
mp-995201,Ti5Si3C,0.0,-12.074151415555555,4.492517328762911,0.0,,,,,,,
mp-505527,Ti5Si4,0.0,-11.895204706666668,4.2942488144989355,0.0,,,,,,,
mp-554098,Ti6O,0.0,-8.391111578571428,4.718230249800664,0.0,,,,,,,
mp-1217052,Ti6P2O,0.0,-8.405661406666667,4.8796562840808075,0.0,,,,,,,
mp-11750,Ti6Si2B,0.0,-12.07660729111111,4.47404549159012,0.0,149.98559670781896,105.52397991125524,256.43316840087965,,,,
mp-1191079,Ti7P4,0.0,-12.705895705909091,4.664163674520122,0.0,,,,,,,
mp-673657,Ti7S12,0.0,-7.194270165263156,3.390550591130881,0.0,,,,,,,
mp-27919,Ti8C5,0.0,-12.61625734923077,4.572072274565825,0.0,169.34887005649716,101.63862894228673,254.08435820898976,,,,
mp-7857,TiB,0.0,-11.01956919125,4.589957132998569,0.0,207.52553464455318,190.62223248494635,437.8152186889249,,,,
mp-1145,TiB2,0.0,-10.309723166666666,4.506928933888999,0.0,254.17526731752673,257.5414776431398,577.5560858702942,,,,
mp-631,TiC,0.0,-12.407847815,4.894158001928937,0.0,251.33333333333337,172.49159663865547,421.1327906396681,,,,
mp-24726,TiH2,0.0,-7.149852433333333,3.877011141294853,0.0,140.69444444444443,18.142112935161293,52.1833771738334,,,,
mp-492,TiN,0.0,-12.975921125,5.386845377479396,0.0,278.3333333333333,191.7716502115656,467.8625317333101,,,,
mp-1071163,TiO,0.0,-9.32968279,5.136733950019456,0.0,,,,,,,
mp-390,TiO2,0.0,-9.438526794166666,3.856139057916947,2.0586,185.06143790849677,48.26205561679603,133.20654951887244,6.838952940000001,0.07174852556774132,0.568215699890879,1.0879571410781073
mp-739,TiP,0.0,-12.25797755125,4.227605369285763,0.0,138.70388219544844,90.18882619745384,222.36965788142413,,,,
mp-707483,TiP2H4O9,0.0,-7.133555729531251,2.652628237831694,2.9959000000000002,,,,,,,
mp-761010,TiP2O7,0.0,-8.297348034749984,2.7676613579293683,2.6682,,,,,,,
mp-554704,TiPHO5,0.0,-7.9432124315625,2.964485356406115,2.85,,,,,,,
mp-989624,TiPN3,0.0,-10.9222667405,4.085692904770749,0.5396000000000001,,,,,,,
mp-1018028,TiS,0.0,-7.73580783,4.46294849945536,0.0,139.53630363036305,100.92315679128308,243.9541389806096,,,,
mp-2156,TiS2,0.0,-6.997609726666667,3.041030836952365,0.0,18.271604938271604,16.466185203017172,37.98729924036,,,,
mp-9920,TiS3,0.0,-6.41866354375,3.12285272805444,0.22610000000000002,,,,10.03656027,17.93743803408592,10.368199883926454,3.092663697710837
mp-505270,TiSO5,0.0,-7.798244549821428,3.180702543672739,2.574599999999999,,,,,,,
mp-7092,TiSi,0.0,-11.64112525875,4.271720287103741,0.0,145.92743594172435,99.41977437431498,243.06058955044998,,,,
mp-1077503,TiSi2,0.0,-10.699797833333333,4.061526377490749,0.0,,,,,,,
mp-131,Zr,0.0,-22.749791905,6.446094089810128,0.0,93.9585973806506,33.143897013131706,88.97026960732441,,,,
mp-1191059,Zr(BH4)4,0.0,-5.314687083333333,1.179727378475584,5.2943,,,,,,,
mp-557909,Zr(PO3)4,0.0,-8.119863566397058,3.029805593681984,4.1128,,,,,,,
mp-8203,Zr(PS3)2,0.0,-5.905767003333333,2.6087102563043443,1.5351,,,,6.053146709999998,0.9757507162475304,2.0954422499999987,1.3913301531133235
mp-4325,Zr(SO4)2,0.0,-7.48112921340909,3.665911153753533,3.5654999999999992,,,,,,,
mp-690799,Zr(TiH2)2,0.0,-9.444981745714285,4.719454746387335,0.0,,,,,,,
mp-684623,Zr10C9,0.0,-17.68378029657895,6.4553789002498725,0.0,,,,,,,
mp-647729,Zr14P9,0.0,-8.556612169673913,5.969011624965236,0.0,,,,,,,
mp-1215592,Zr2CN,0.0,-17.6957407525,6.873591756603453,0.0,,,,,,,
mp-5025,Zr2CS,0.0,-9.07784444375,6.066241240830939,0.0,165.33131978766244,114.13069487764764,278.3437852105894,,,,
mp-559369,Zr2H12(N2O7)5,0.0,-6.557595332542373,2.055720125768046,1.4474,,,,,,,
mp-1215471,Zr2HC,0.0,-15.555317175,6.140486926642695,0.0,,,,,,,
mp-1014265,Zr2N,0.0,-19.62017462,6.731737935510314,0.0,174.82890720390722,88.8220820162605,227.8754307513275,,,,
mp-675993,Zr2N2O,0.0,-10.081732759249997,5.75028921947559,1.6503,,,,,,,
mp-27132,Zr2P2O9,0.0,-8.872742632307693,3.742625114926664,4.1075,,,,,,,
mp-1215926,Zr2P2SO12,0.0,-8.353450733823529,2.999034041926281,4.2174,,,,,,,
mp-39770,Zr2P3H4NO12,0.0,-7.811901354545454,2.910967936075677,4.3079,,,,3.1134398633333347,0.0032525716144715215,0.12098186197819816,1.0393678601676986
mp-1197374,Zr2S,0.0,-8.341883466666664,6.357514469225585,0.0,,,,,,,
mp-11583,Zr2SN2,0.0,-9.47055019,5.5174556550508225,0.5637999999999991,160.1531058617673,68.5419737729431,179.9538387064123,9.539793723333332,0.0022790966572344726,0.10127392990612982,1.010691611425075
mp-1278,Zr2Si,0.0,-18.924226140000002,6.004979142031671,0.0,127.31220657276994,86.67063785983913,211.92175271098677,,,,
mp-2713150,Zr2Si(SO6)2,0.0,-8.0926032227451,2.804283409541183,3.8,,,,,,,
mp-1101160,Zr3N2O3,0.0,-10.050144854375,5.069776685678375,2.538599999999999,,,,6.00547687,0.30810742447398726,1.3596170601491666,1.2554234970334284
mp-277,Zr3N4,0.0,-16.818722965357143,6.285991608223824,0.970499999999999,,,,,,,
mp-14024,Zr3O,0.0,-9.193925019375,6.688575555944507,0.0,131.9887955182073,53.974034907206374,142.49822343507319,,,,
mp-22447,Zr3P,0.0,-8.626327423125,6.4120417743022955,0.0,125.33333333333334,63.97748396676461,164.02339788815615,,,,
mp-684749,Zr3S4,0.0,-7.888308120535714,4.81220661073748,0.0,,,,,,,
mp-1207024,Zr3Si2,0.0,-18.091727482,5.846818394263246,0.0,,,,,,,
mp-1215386,Zr3Ti2Si3,0.0,-15.946928729375,5.374954331845277,0.0,,,,,,,
mp-1215389,Zr4C3N,0.0,-17.54371369625,6.699753692650515,0.0,,,,,,,
mp-1215387,Zr4CN3,0.0,-17.80528440125,7.049402164006672,0.0,,,,,,,
mp-1215377,Zr4O,0.0,-9.068482004,6.611601408616027,0.0,,,,,,,
mp-1207408,Zr5Si3N,0.0,-17.75894104111111,6.036515131131168,0.0,,,,,,,
mp-583740,Zr7P4,0.0,-8.575788369545455,6.155984321947747,0.0,,,,,,,
mp-27191,Zr9S2,0.0,-8.44675575159091,6.32391132544513,0.0,,,,,,,
mp-1472,ZrB2,0.0,-13.547542666666667,6.070775216281119,0.0,237.9712141577061,227.9728658867591,518.3839166153562,,,,
mp-559571,ZrB2O5,0.0,-9.0237608503125,4.6540387076874925,3.7962,,,,,,,
mp-2795,ZrC,0.0,-17.362166905,6.550574767916145,0.0,218.66666666666663,158.99616087751372,383.93364242359115,,,,
mp-24286,ZrH2,0.0,-10.52353671,5.6373228706207374,0.0,131.19746689694875,30.958084044436898,86.10189170390261,,,,
mp-1352,ZrN,0.0,-17.914777735,7.2348659432912275,0.0,247.33333333333337,147.59484655471917,369.32107880707684,,,,
mp-680356,ZrN6O17,0.0,-7.046156525833333,2.272101423217829,1.5707,,,,,,,
mp-2858,ZrO2,0.0,-9.961491968333332,5.777331384412114,3.5322,183.05460055587807,86.0199737152176,223.11207062708388,5.347828576666667,0.038100300658740954,0.4414374772994174,1.086998374318351
mp-11345,ZrP,0.0,-8.354605071249999,5.421727378204983,0.0,135.28434592227697,81.04512497643569,202.66502947489568,,,,
mp-1523,ZrP2,0.0,-7.418723279999999,5.031603907772961,0.0,126.38976782412165,83.04477315588065,204.37301925701414,,,,
mp-24030,ZrP2(HO3)2,0.0,-7.610384796363636,2.706817397089526,4.1162,,,,,,,
mp-707540,ZrP2(HO4)2,0.0,-7.7453615328846155,2.605559808818033,4.3746,,,,,,,
mp-5024,ZrP2O7,0.0,-8.50804724725,2.9118389937425553,4.4725,131.66666666666669,51.6,136.91446484549934,,,,
mp-31014,ZrP2S7,0.0,-5.802369773000001,2.489212742148805,1.660299999999999,,,,,,,
mp-7859,ZrS,0.0,-8.02710959,5.681257573835984,0.0,116.2773082942097,48.49520062540803,127.7285624038385,,,,
mp-1186,ZrS2,0.0,-7.45580737,3.618665179720018,1.0418,19.33639846743295,14.075624962831808,33.98145440645461,8.045723849998582,9.463128858264229,6.525649395518473,2.7659360840267233
mp-9921,ZrS3,0.0,-6.8147069575,3.608861478892194,1.113299999999999,18.75749212586148,11.034207606115224,27.67580350612087,6.697427606666667,3.109395300117791,4.266967871706386,1.9763261354748443
mp-3519,ZrSO,0.0,-8.724789924166666,4.937205526844764,2.4195,130.66666666666663,50.19036144578314,133.4806685230697,7.735338170000001,0.0,0.0,1.0
mp-11322,ZrSi,0.0,-16.7457848125,5.622895617207469,0.0,142.25882109143996,93.70880308914141,230.51206716844527,,,,
mp-1515,ZrSi2,0.0,-14.0896099,4.865620366734198,0.0,126.09129080407553,96.67554554935498,230.99196419360948,,,,
mp-4820,ZrSiO4,0.0,-9.186236886666665,4.634255277198486,4.1495,202.25772430184193,96.75082851717113,250.33605285058465,4.209050763333333,0.014161794150473148,0.2524450336118109,1.0612002520370984
mp-3938,ZrSiS,0.0,-7.381553876666665,4.902397778520684,0.0,125.97435897435898,87.61106510302415,213.36937706957593,,,,
mp-1215209,ZrTaB4,0.0,-17.663380268333334,9.026883182769089,0.0,268.9079685746353,221.87176711412843,522.0396991627983,,,,
mp-1215219,ZrTaC2,0.0,-23.7024679875,10.24228311966537,0.0,,,,,,,
mp-1215204,ZrTi2O,0.0,-8.918036919999997,5.688051602738821,0.0,,,,,,,
